step,x,y
1,0.0001970416912463642,0.0005834274048002194
2,0.00019881444633771013,0.0005886191525411714
3,0.015066178931060586,0.0006489288316884446
4,0.0533886042294299,0.0010800014883471595
5,0.09817262846382051,0.003255129377082566
6,0.13421202934767018,0.0068022480207590155
7,0.18108204972506906,0.01420103353401497
8,0.22393147801475494,0.023259887936038146
9,0.2482615332196847,0.028870033057382224
10,0.2898975348535435,0.03970566356704614
11,0.3245188269241032,0.04982375246063781
12,0.36857384137584853,0.06376544406322443
13,0.4013661042125503,0.07479151404034666
14,0.4379650014113205,0.08757680053563156
15,0.47515012990654304,0.1008205688146222
16,0.5144670017072895,0.11486669636399194
17,0.5530164232823993,0.12863993750539826
18,0.592967862421171,0.14277269920213592
19,0.6290979612792987,0.15537013551639417
20,0.6639312451416143,0.16738695114755067
21,0.7077535330754843,0.1825508991952775
22,0.7716377091761552,0.20472687775987392
23,0.7779027118377753,0.20689441442972956
24,0.8158672731429751,0.22024610536440328
25,0.8523321043159345,0.23338039574903743
26,0.9083424500832281,0.25373030752781817
27,0.9277963189231354,0.26083639968217615
28,0.9686890133719828,0.2761226700862998
29,1.0095962714842337,0.29211838236897836
30,1.0393232730814554,0.30424045237561903
31,1.0762440432237008,0.3194907685287969
32,1.1211556470084325,0.33795373579437926
33,1.1514339305142776,0.35026474781292094
34,1.1876538493555877,0.36482845141290626
35,1.2264482998001995,0.3801778502705078
36,1.262091373910817,0.3939578326077502
37,1.2999863522294195,0.40824918508622293
38,1.337815230302278,0.42210236410777713
39,1.3746421215022724,0.43498113728627114
40,1.4195272399270435,0.4496442857694322
41,1.4514016147503093,0.45920256403268933
42,1.490445389490892,0.4699588331885666
43,1.5291462865126006,0.4797071635068029
44,1.5680101810522795,0.48872215968413363
45,1.6071332733556152,0.4972380528104503
46,1.657769574724408,0.5074843238338499
47,1.685862906889898,0.5128947953205635
48,1.7244838736075958,0.5203497078232523
49,1.7638115973811372,0.5281227218627033
50,1.803068542479867,0.5362704026500928
51,1.8418562099060745,0.5444102429704183
52,1.88195673392869,0.5526935822616712
53,1.9297873919171542,0.562405252746218
54,1.960566925064284,0.5684493986497722
55,2.0051794566634653,0.577001783197501
56,2.039184630865831,0.5833820809953514
57,2.0772482491317596,0.5904438197423915
58,2.1170365799254394,0.597683098290086
59,2.156860494564297,0.6045758089935354
60,2.1957616133577114,0.6109516664553789
61,2.244294381826891,0.6183991124182431
62,2.2880000598675645,0.624642319753501
63,2.3146428579298313,0.6282878565731693
64,2.3560461962995034,0.633737834600791
65,2.394069444753195,0.6386240558014663
66,2.433826789861674,0.6436657800909172
67,2.4733904194224667,0.6485855828570849
68,2.5131359378120446,0.6534614903095497
69,2.5529039647189316,0.6582088087151792
70,2.5924995993120743,0.6627565189223452
71,2.6324161383296167,0.6671039450160814
72,2.6735254137925093,0.6712077182540256
73,2.712029850230277,0.6746850325763529
74,2.7524800963595206,0.6779089437597003
75,2.792258708568178,0.6806378051668093
76,2.8327817569697515,0.6829996952676108
77,2.8721414935329173,0.6848484044739643
78,2.911721999418776,0.6862734626707264
79,2.9535566253067587,0.6873458469057185
80,2.9935992095820363,0.6880375146394291
81,3.032121139550359,0.6883816440521686
82,3.0724011559840134,0.6884105454790049
83,3.1133348012400743,0.6881475688200582
84,3.1529309788281172,0.6876178050909366
85,3.1921939512585116,0.6868949030625144
86,3.2328096322223905,0.6859910974599588
87,3.2732760443528277,0.6849918268839552
88,3.3119087647331367,0.6839704910744528
89,3.3614550680184263,0.6825391204461756
90,3.391903674159538,0.6815852463777105
91,3.437659735524783,0.6800042767766875
92,3.472355402819472,0.6787119731752392
93,3.5196968295526765,0.67688944443219
94,3.552153911231729,0.6755944681970129
95,3.592254306242503,0.6739957734728712
96,3.632325780612029,0.672426707887303
97,3.6718250690936753,0.6709316456484131
98,3.711399601812061,0.6695541835463715
99,3.7517823725081834,0.6682705352617162
100,3.7913990143252354,0.6671585661329771
101,3.831393170399617,0.6662199880184811
102,3.8742956982354237,0.6654444656897667
103,3.9179070633310897,0.6649587056657357
104,3.951676446232149,0.6647585345267922
105,3.9913931624801133,0.664699723313154
106,4.036756697129172,0.6649100104869196
107,4.072227515787873,0.6652545963742231
108,4.114137332593747,0.6659140038761661
109,4.1510059253268965,0.6667784010862173
110,4.191321100322271,0.66797429996203
111,4.230891421525867,0.669366079960727
112,4.278288230836489,0.671252698871224
113,4.316594331706314,0.6729737817563465
114,4.351618304491822,0.6747150475843672
115,4.39087516907933,0.6768005413660833
116,4.436654448083794,0.6793305258858362
117,4.4702074458609,0.6811910856241548
118,4.510354170846883,0.6832390671486522
119,4.550965181680619,0.6850102987296776
120,4.590266118097951,0.6864872672135783
121,4.638446023744274,0.6879210069737863
122,4.670267853612815,0.6885398507198246
123,4.711144864847012,0.6888204143964334
124,4.751478749403173,0.6885251900143143
125,4.790397318903101,0.6880268817485167
126,4.837543017213886,0.6878025187062103
127,4.875852023266545,0.6878355120562306
128,4.909860741547809,0.6877417283928401
129,4.950460263016851,0.6873385632855763
130,4.9905935280673654,0.6870485912314179
131,5.0304856189243585,0.6870549896221173
132,5.070298432186788,0.6872007635671067
133,5.111027696773736,0.6872531133137342
134,5.154617145205986,0.6870543809105137
135,5.190193020861647,0.6866560692290292
136,5.230593736393161,0.6859516436356393
137,5.271266409855992,0.684955028477038
138,5.310353837986388,0.6836712712754786
139,5.351348525302275,0.6820348445706589
140,5.387631465375293,0.6803411959782635
141,5.4303603956502995,0.6779685780825992
142,5.474326044764463,0.6751588928647959
143,5.539458148858233,0.6707103119786699
144,5.55951382867085,0.6693965419678788
145,5.593074785151762,0.6672801407717562
146,5.630094526743488,0.6650713070898422
147,5.670099238625297,0.6628215821191586
148,5.709523824354001,0.6608253096830837
149,5.76825339627039,0.6582913258309957
150,5.789360591088517,0.657407456661118
151,5.838447811818207,0.655126651683951
152,5.869774944613632,0.6534538475988372
153,5.90905011045574,0.6509207122360315
154,5.949305252658804,0.647912100223378
155,5.996567320632211,0.6441084909139849
156,6.032283984633353,0.6411252842033194
157,6.068766971883106,0.6381104430827936
158,6.108244271746629,0.6350961184478208
159,6.166659064198992,0.6310574857647101
160,6.187310498695815,0.6295627406242003
161,6.226714568822634,0.6268313643913439
162,6.266901809549843,0.6244537651410417
163,6.306847270200293,0.6227901837747646
164,6.346833256219841,0.6217393467652411
165,6.386780061976992,0.6210553039236095
166,6.428661365591745,0.6205483158640555
167,6.474200661326823,0.6201353102602843
168,6.509815971364656,0.6199205582391925
169,6.546441411679806,0.619725749075744
170,6.590317441571029,0.619417050068683
171,6.637798171755756,0.6190542564654439
172,6.670721675736665,0.6188514282254752
173,6.70958820418997,0.618658116535269
174,6.758232101262622,0.6183343674335592
175,6.787921127811715,0.6180738427982679
176,6.831329970290091,0.6177995146902183
177,6.866416029326231,0.6175881476706142
178,6.912965112493489,0.6172698285232223
179,6.947911664934518,0.6170256419738553
180,6.986253901081622,0.6167700256089599
181,7.035857837842791,0.6165046722644357
182,7.0845940987383695,0.6162843383568283
183,7.110943040856932,0.6161450940012635
184,7.1490391209910165,0.6159215368331565
185,7.187789228427085,0.6156525599263669
186,7.235619055053663,0.6153139342304029
187,7.266417624579581,0.6151577880017478
188,7.306539250366348,0.6150162288451453
189,7.345744947070475,0.6149417716857924
190,7.388836169157392,0.6149450073341092
191,7.426167514657006,0.6150448392341354
192,7.466474318413146,0.6152801019721432
193,7.505808127001097,0.6156060748140282
194,7.557784686487756,0.6162196579084571
195,7.58602933929208,0.6166399137307013
196,7.6308177811134374,0.6174226717862763
197,7.6656871386365335,0.6181470637909728
198,7.706604994580172,0.6191053037690218
199,7.745872399824344,0.6201011000950213
200,7.789047962794023,0.6212502538929712
201,7.8257727283112715,0.6222285934390926
202,7.866371486637688,0.6232758667468273
203,7.911310094203026,0.6243241994642984
204,7.945863232807675,0.6250096118252512
205,7.985619563674216,0.6256156811844403
206,8.02601971723597,0.626004756115616
207,8.065864021771219,0.6262646655559513
208,8.10592681804804,0.6264375486079637
209,8.147162619319428,0.6265371943830648
210,8.18786234674993,0.6266014459039669
211,8.225816149991973,0.626608723064284
212,8.276863298156654,0.626586304219239
213,8.305891097901597,0.6265743832150472
214,8.345986146139676,0.6265446250916791
215,8.385633722446943,0.6265237716914313
216,8.42614087626181,0.6265044315160387
217,8.474629426317668,0.6265076724642353
218,8.508411735260744,0.6265531289748685
219,8.557280786129228,0.6266997111685833
220,8.590347746710624,0.6268616220185589
221,8.625817159382398,0.6270566415176728
222,8.666625568476512,0.627278262450418
223,8.705724178993282,0.6275088781515186
224,8.751700969009958,0.6277450293576875
225,8.785738562474009,0.6279293922743955
226,8.83075845205941,0.62822957405607
227,8.865810141654594,0.6285182418643991
228,8.909444092144035,0.6289946179536144
229,8.94614640742895,0.6295021366098876
230,8.993593596742928,0.6303495528860544
231,9.025355028541995,0.6310463585854057
232,9.067288505098466,0.6320932363079883
233,9.113228931222437,0.6334379923453936
234,9.145273777876607,0.6344844569388712
235,9.193140504629318,0.6363057966793249
236,9.224815188522237,0.6377135561610479
237,9.271089009863616,0.6399981326274491
238,9.338534037637256,0.6436755666485798
239,9.345145061348683,0.6440489606326283
240,9.385554452166046,0.6463191176674447
241,9.424524591428053,0.6484652287852645
242,9.486019161644753,0.6516568929309727
243,9.506070237181909,0.6526315961916485
244,9.545821105491777,0.6544557455273959
245,9.591921066733391,0.6563723824209846
246,9.62716096233171,0.6576922677478798
247,9.664650623539345,0.6589603442256822
248,9.704250576043867,0.6601310078528946
249,9.745977666882515,0.661167271632668
250,9.78456586319837,0.661926775408725
251,9.824419063364394,0.6625364586696411
252,9.864078613876098,0.6629432350996107
253,9.904772308343004,0.6631420698013195
254,9.94426545022212,0.6631939433354826
255,9.993869435852812,0.6630298198055411
256,10.024750824702856,0.6628275945806097
257,10.064346529483032,0.6624420316768093
258,10.10489746593813,0.6619061550852657
259,10.144519610290494,0.661289741906751
260,10.184811487876178,0.6605951952160624
261,10.224759072022097,0.6598774045163533
262,10.281531922601937,0.6588058953529998
263,10.307432459884271,0.6582940061419628
264,10.34444048475699,0.6575579126531932
265,10.386085750259031,0.6566857692857868
266,10.42529056095994,0.6558222162514751
267,10.470569305613143,0.6547976525695423
268,10.504891676206158,0.654014935710338
269,10.54454570642137,0.6531446702492368
270,10.587730543794574,0.6522524988275347
271,10.625795431826955,0.6515365104929549
272,10.66779574528867,0.6508773853794299
273,10.71191527698455,0.6503300451927541
274,10.744992920590501,0.6500259947433052
275,10.79655031692933,0.6497145783878271
276,10.824653018042525,0.6496228815907924
277,10.865450885738943,0.6496076732257262
278,10.906310920743453,0.6496685625157069
279,10.944526605503643,0.6497434237008072
280,10.985020215005752,0.6498215467737996
281,11.025381041919088,0.6498546117091146
282,11.06424413010737,0.6498664342150828
283,11.10484648221435,0.6498937733762531
284,11.144131325890417,0.6499250460400915
285,11.18397824249791,0.6499813818368944
286,11.224085294353703,0.6500570545687081
287,11.264414111934853,0.6501505109222753
288,11.313793634387357,0.6502902568872092
289,11.355659138568084,0.6504036090627673
290,11.383939460907179,0.6504959676398456
291,11.424203256004589,0.6506361773858642
292,11.463609320615985,0.6507985619410965
293,11.509308104331328,0.6510284238306027
294,11.564998838732018,0.651314559237191
295,11.58550163542128,0.6514307069948225
296,11.623921783083599,0.6516397648393981
297,11.664403187915461,0.6518237336867178
298,11.70386192950486,0.652023115588222
299,11.744577092165256,0.6522553549099818
300,11.791232525408727,0.6526183453116864
301,11.845270672135772,0.6533137700615891
302,11.863712685521797,0.6536282034434188
303,11.904467297082281,0.6544518082293258
304,11.946944927569264,0.6553725305500842
305,11.983889141378311,0.6562352425355503
306,12.041649919076526,0.6575775872458719
307,12.063775383298228,0.6580172997858794
308,12.103847807081104,0.658670531259247
309,12.143673880819401,0.659210049091323
310,12.18358273724987,0.6596180140151735
311,12.224274188460962,0.6598340072947642
312,12.264285815086733,0.6597686485899561
313,12.304253293225706,0.6593169644405906
314,12.35430181836909,0.6583385609681799
315,12.388990478991776,0.657457134618002
316,12.423925579071044,0.6565233776444199
317,12.467390985700387,0.6555853452017524
318,12.503734717169674,0.6549460764775682
319,12.543853963284027,0.6541421253643522
320,12.586423682123353,0.6531575116146102
321,12.633802835495308,0.6519379993802059
322,12.668068071379924,0.6509967659124002
323,12.703855304456852,0.6500047488468707
324,12.743494886803797,0.6489683710211311
325,12.784207996457193,0.6479983903594427
326,12.829825333928058,0.6469506521040594
327,12.863428824413132,0.6461034228988101
328,12.902769619616361,0.6449723646152382
329,12.943330974564534,0.6436576044561083
330,12.985000969295461,0.6422888070991074
331,13.024690760426749,0.6410908875583607
332,13.066583351592355,0.6399918213873776
333,13.108489656739128,0.639137394862681
334,13.143404530855303,0.6387131833091004
335,13.18323024812804,0.6384931254142705
336,13.223063817765368,0.638343680678185
337,13.26317884085662,0.6380443777139141
338,13.303548572805704,0.6374836254903365
339,13.342862273916564,0.6368507179113534
340,13.383029005898347,0.636275427830724
341,13.422949337164667,0.6357815608537056
342,13.462877213315185,0.6353565169756017
343,13.503153986869574,0.6351921403005477
344,13.542693716957494,0.6351861416576972
345,13.583430901562725,0.6352058083998252
346,13.625599880379893,0.6352002360757317
347,13.663232309479946,0.6351737225305394
348,13.704103407967075,0.6350895445518906
349,13.742514591284708,0.6349854612339237
350,13.782807475928056,0.6348703743312104
351,13.8308063504994,0.6346076199896071
352,13.862852117920282,0.6343650324945304
353,13.909281530637967,0.63398533975655
354,13.944117213525882,0.63371390293702
355,13.982974125129047,0.6334448746154971
356,14.02309214837208,0.6331691114554313
357,14.063625702931178,0.6328329973963938
358,14.103191640994075,0.6324206589608724
359,14.14315866568284,0.6318972575789678
360,14.182767496642514,0.6313033964255966
361,14.22986586809322,0.6305548526581642
362,14.263029829987746,0.6300066104559938
363,14.302742264125188,0.6292413072812203
364,14.345124731431204,0.6282253032403916
365,14.383361081123002,0.6271227953745363
366,14.428999794107105,0.6256063431916534
367,14.468589274808505,0.6241222977851563
368,14.502470358588091,0.6226675601594983
369,14.543163620856994,0.6207438557879799
370,14.582434164841633,0.6188814841078194
371,14.622555425755996,0.6170349460284551
372,14.662236313437077,0.615155182183807
373,14.703045468081754,0.6131197772624823
374,14.75010300726317,0.6105423785690093
375,14.785371316399793,0.6085789999384171
376,14.822648012433785,0.606488595572377
377,14.86251779020737,0.6041923719257876
378,14.918191486639794,0.6010546878226795
379,14.942600557643454,0.5997246818330909
380,14.981760604381726,0.5977110584666736
381,15.021532295360734,0.5958190786698709
382,15.062003674918676,0.5939987294486332
383,15.101424577426432,0.5923550639558188
384,15.142547665668973,0.59078369699101
385,15.181621808107801,0.5894591825412209
386,15.221575600646242,0.5883230936067696
387,15.261631793996662,0.5873714481622848
388,15.3150695502504,0.5864505166032186
389,15.349641665762668,0.5860765667199681
390,15.386948614164433,0.585870430755212
391,15.42252595002732,0.5859174817168189
392,15.464543631675651,0.5862518063166323
393,15.501733013596045,0.5868068911019922
394,15.54115525535105,0.5876532785848514
395,15.581650219747134,0.5887675721898258
396,15.623054858365602,0.590164489151183
397,15.670215803988743,0.592023061376222
398,15.700853450547097,0.5933502062269115
399,15.741575219093043,0.5952700318509582
400,15.792621862439058,0.5979120021637947
401,15.820436319522484,0.5994749362704143
402,15.860240253014275,0.601911222548327
403,15.90023866049037,0.6046194753549406
404,15.939885070077432,0.6075737386228637
405,15.985153003127088,0.6112739231308457
406,16.01968728321407,0.6142146546107717
407,16.06537299720464,0.6180525611373486
408,16.099383583106505,0.6208458426354473
409,16.139125577269642,0.6239859587260426
410,16.17901474410037,0.6270236907140476
411,16.219034225947404,0.6299276904416371
412,16.258774070245682,0.6326532026801054
413,16.3060365457312,0.6357155292860933
414,16.338878365241445,0.6377116802926945
415,16.393192074984743,0.6408562748632265
416,16.418464059619307,0.6422528882317387
417,16.461209411022846,0.644471147126695
418,16.499275732820482,0.6462314214167614
419,16.53791662512061,0.6477321973909793
420,16.58205298757051,0.6490226277623109
421,16.62169222497875,0.6497591021280885
422,16.658378906311732,0.6501125220038859
423,16.698836419035775,0.6501964802191286
424,16.74655049596276,0.6498998217026324
425,16.779265393064573,0.6495016727204148
426,16.819204288769424,0.6488523057378688
427,16.85831393384308,0.6481160598927102
428,16.912303790783678,0.6470593198203609
429,16.939193873532393,0.646533702347989
430,16.978993906767133,0.6457879514817305
431,17.02569164418682,0.6449192069961697
432,17.058229959983336,0.644334978279981
433,17.09932118633079,0.6436364200471096
434,17.138657907774736,0.6430091941079055
435,17.18227680963549,0.6423770680411666
436,17.22754102454393,0.6417623651366641
437,17.2593447097111,0.6413467682614227
438,17.298408718128567,0.6408618484436671
439,17.339332722923178,0.640375418677468
440,17.378616616255396,0.6399258844669329
441,17.42178869889129,0.6394670131384599
442,17.45871090919564,0.6390995016296398
443,17.50770963755636,0.6386748658677388
444,17.537789699556175,0.6384376533435158
445,17.57835492843846,0.6381462589099238
446,17.61786477500408,0.6379033397027107
447,17.658409219250792,0.6376935748810895
448,17.705211652304836,0.6375339328503764
449,17.738051357833417,0.6374765110666506
450,17.77828807559922,0.637461990680028
451,17.817944966503198,0.6375347927131542
452,17.858265283895573,0.6377066006413813
453,17.902514433689852,0.6380104369731121
454,17.938296948460174,0.6383553448865598
455,17.978407225932767,0.6388332912884109
456,18.018191895012514,0.6394602762034318
457,18.058263102881668,0.6402217135090545
458,18.099375608716052,0.6411677191292698
459,18.13766431191544,0.6422221716344886
460,18.185583805282384,0.6437099725194707
461,18.236527792893416,0.6454907676227558
462,18.263987809654466,0.6465188239546346
463,18.29953423571407,0.6479053145095258
464,18.33898682214891,0.6495041160679289
465,18.37768842162566,0.6510921552261041
466,18.41753517878483,0.6527254176698772
467,18.45629461216776,0.6542852839302645
468,18.497215221715305,0.655859609973166
469,18.54200386593032,0.6575120593718348
470,18.57729689634322,0.6587539325876017
471,18.626595906593877,0.6603721192463265
472,18.657366084015393,0.6613140635879332
473,18.697948210866805,0.6624354352261922
474,18.737373277882917,0.663391474334557
475,18.777637291980973,0.6642391469516695
476,18.817465611345074,0.6649637489447652
477,18.857358304813786,0.6656239929070519
478,18.90313525752113,0.6662894156661329
479,18.94216359024179,0.6668187797210051
480,18.97799087974821,0.6672508112114631
481,19.017320996708424,0.6676002879789674
482,19.057383452959247,0.6678206920446765
483,19.097734251778167,0.6678558523780429
484,19.13848792244802,0.6677202844194504
485,19.178056504517212,0.6674786886571716
486,19.218427563908676,0.667096516187161
487,19.257472746444527,0.66660642422457
488,19.297356459773486,0.6659368758857338
489,19.337562621545704,0.6651114041141276
490,19.379453647295758,0.6641681795243521
491,19.417987895462677,0.6632842257163486
492,19.4580036473994,0.6623643195597047
493,19.497816949773043,0.6613847688827809
494,19.53947076380859,0.6602646987076102
495,19.57729527880154,0.6592052669774976
496,19.623212667942582,0.6579623607960607
497,19.657871956015832,0.6571117203247308
498,19.697187162277483,0.6563071268935756
499,19.73949869255338,0.6556690167533772
500,19.7771234885084,0.6552017577319653
501,19.829714337700366,0.6543223259828667
502,19.863622576851064,0.653515874897944
503,19.897160272356746,0.652583584438767
504,19.938507577740083,0.6513586403553219
505,19.97772946992241,0.6501724990890956
506,20.01713365753486,0.6489945278664637
507,20.0579459757763,0.6478106635077687
508,20.096798570852098,0.646679844340017
509,20.141332253738398,0.6452941731811389
510,20.196498308293705,0.6433650833323166
511,20.217116097320293,0.6425495996718587
512,20.25721329573774,0.6408573075895031
513,20.296761375867717,0.6391144412909174
514,20.33680720761667,0.6372891515541595
515,20.37667389136467,0.6354920820576189
516,20.42416453407652,0.6333738016133309
517,20.457451920037304,0.6318685119820634
518,20.498001517364923,0.6300251833744813
519,20.5363965484846,0.6282361443793664
520,20.576578340656123,0.626341434926192
521,20.616992490284392,0.624345723751445
522,20.6790191176059,0.6210764219446865
523,20.695996787933225,0.6201558280202341
524,20.73589883102358,0.6180902372849617
525,20.77614139352212,0.616136091870301
526,20.816271232123476,0.6142675703435887
527,20.871353147770044,0.6117757256401792
528,20.895562610481353,0.6106838057148629
529,20.973320621889343,0.6072258485468572
530,20.99216898089473,0.6064674468306693
531,21.017833020345513,0.6054875487687069
532,21.0554419645314,0.6041482698163592
533,21.09508926570989,0.6026981776612728
534,21.141761817064932,0.6006303929985418
535,21.175039910107312,0.5990730262580738
536,21.218598136728094,0.597168975052434
537,21.25496432513478,0.5956181025155353
538,21.302138674437394,0.593684010606288
539,21.334985585874907,0.5923947609047989
540,21.39826306325248,0.5899804069773685
541,21.42907217627756,0.5888268085819279
542,21.4576493923851,0.5877677061502573
543,21.516210591911772,0.5857034868792856
544,21.534924755585397,0.585070017034341
545,21.574556679099178,0.5837485807786699
546,21.615524991517272,0.5824020898372743
547,21.657405847671868,0.5809986061431741
548,21.700339509035455,0.5795100064934834
549,21.735140201833822,0.5782955648069672
550,21.774906107704922,0.5769613140835631
551,21.814933348846694,0.575823465128215
552,21.863937709951458,0.5747315637086731
553,21.8944297360418,0.5741702762192258
554,21.93608401848118,0.5736445059435333
555,21.9745903930689,0.5734773803236546
556,22.014091134428643,0.5736392689410886
557,22.055006388797764,0.5742862247612833
558,22.09619368165212,0.5754627452832629
559,22.13348223597747,0.576934239371479
560,22.176437275413466,0.5790967597009545
561,22.218238470675345,0.5816540816919966
562,22.253355342988517,0.58408572695855
563,22.293219387997656,0.5870620099558798
564,22.339663986565427,0.5907423143884617
565,22.372589681170826,0.593466331066322
566,22.41232312951337,0.5968586535165062
567,22.45843235229501,0.6008118395615591
568,22.494502323625394,0.6038485826255342
569,22.532490581127675,0.6069532607101331
570,22.57179002909798,0.6100411475632624
571,22.61236719214322,0.6131088613811391
572,22.65678800631249,0.6163205973979691
573,22.691835765741164,0.618805660344176
574,22.731477446093276,0.6215802018096209
575,22.781382437307293,0.6249427072032471
576,22.822004200694206,0.6275598629647465
577,22.85237084208393,0.629439536421854
578,22.895947172003304,0.6319734472063431
579,22.931258520393886,0.6338405525460362
580,22.986496466094525,0.6363505846259375
581,23.011520214854986,0.6373252809882833
582,23.05406714613208,0.6387817244976735
583,23.091493940056445,0.6398840784472596
584,23.131006018764932,0.640859259091195
585,23.17121027791035,0.6416311647413193
586,23.21075293144368,0.6421825745285363
587,23.251352168494897,0.642542743318047
588,23.297196788738244,0.6427572039791128
589,23.335694794052657,0.6427834043422458
590,23.37113256422989,0.6427069467972443
591,23.41261524199684,0.6425967491870753
592,23.45136552412123,0.6424516424272259
593,23.491054699163367,0.6422553217645671
594,23.530844670444807,0.6420201052370715
595,23.583912625988464,0.6415897436369498
596,23.614229577705025,0.6412612198362034
597,23.656990151202294,0.6406518040914551
598,23.6909323816427,0.6400349523378479
599,23.732466742440362,0.639162629414688
600,23.771195702109036,0.6383396303590793
601,23.836138955766863,0.6372634929628953
602,23.85178585921345,0.6370663059490174
603,23.890976923343203,0.6366897967799439
604,23.931436967610054,0.6364628482508
605,23.974576879903044,0.6363518605908424
606,24.010826817909454,0.6363350681837237
607,24.050628590696288,0.6363166038900894
608,24.091949193345787,0.6362111531530869
609,24.133818873169812,0.6360030532486175
610,24.17114653814238,0.6357136816335848
611,24.218056032221128,0.6352511162622335
612,24.250822968170887,0.634924636986683
613,24.29095918876648,0.6346016344144323
614,24.342756647211587,0.6343142350142177
615,24.370821281898554,0.6341962037965495
616,24.412186987806066,0.6341699698053808
617,24.450846804633045,0.6343853563381493
618,24.491157105594336,0.6348698948428997
619,24.53054776258978,0.6356672075702801
620,24.571086640649238,0.636838425644783
621,24.610867970615676,0.6383605734431815
622,24.650163932964663,0.6403195050381776
623,24.700700487765797,0.6435703484548487
624,24.729801539990287,0.6458361731699119
625,24.76941982854586,0.6495276206866895
626,24.809454956142975,0.6541391432340621
627,24.84841538886044,0.6595007620412425
628,24.91694140767507,0.6705747079104569
629,24.927176011235606,0.672364140823834
630,24.966175593739024,0.6794541920446362
631,25.00554306781419,0.687070682721982
632,25.04470473969549,0.6949579180131336
633,25.083686751078947,0.7032354890942751
634,25.12252438765123,0.7120467338805031
635,25.162776424810897,0.7219476560363651
636,25.20264546957752,0.7327517493940165
637,25.23727534472383,0.7426935736442304
638,25.275668132225107,0.753746655845365
639,25.316138191264486,0.7653371009530885
640,25.357734987176773,0.7771701436248206
641,25.39145248990992,0.7868110491877364
642,25.429276023779945,0.7977285461748183
643,25.467614807509477,0.8090231877472692
644,25.50576184625131,0.8207051120642219
645,25.544001398578406,0.8332783033795309
646,25.581086453201795,0.8470764429692635
647,25.61654288473417,0.8624581439360971
648,25.652122252824796,0.8800930445381544
649,25.68676142923642,0.8993503751147112
650,25.720197520418917,0.9205511515913845
651,25.75250458849677,0.9438926697813789
652,25.783450751323784,0.9692398079109412
653,25.812415577929407,0.996462726717566
654,25.838528729619792,1.0240468075858289
655,25.864570094323597,1.0542335421650995
656,25.892288471484747,1.0897758324081683
657,25.911330400476047,1.1172070777394567
658,25.93187814123661,1.1511748008108031
659,25.95127383586126,1.1884410471052074
660,25.96774126075689,1.2234532769939162
661,25.982563531706745,1.2582823258936557
662,25.99672990583637,1.2956215716583577
663,26.009595957572536,1.3326632195245471
664,26.02469304530312,1.378875779275845
665,26.034179710146525,1.4085029146121093
666,26.046476846093235,1.447485323395385
667,26.057982305217095,1.4848853112880926
668,26.06917670022687,1.5233211554717008
669,26.084096069886705,1.5781450149535308
670,26.089743052541763,1.599921171307329
671,26.099649581243995,1.6386899875837686
672,26.109703377351522,1.6776758010378774
673,26.11973309322916,1.7157792481626362
674,26.13011988933265,1.754451200507939
675,26.14071787611765,1.7930846270324625
676,26.151583745291205,1.8341622577231715
677,26.160438141306976,1.8728507581048646
678,26.168098344829467,1.9137072424231563
679,26.173270932852944,1.9484932449079149
680,26.177671469057298,1.9878277084566043
681,26.180759538486857,2.026691695049158
682,26.183276361221786,2.0681842654525533
683,26.185306455106552,2.1237890974288565
684,26.185684639536774,2.1507614895968494
685,26.185164161036422,2.187291026923974
686,26.18355378435653,2.226706401667869
687,26.181057126218814,2.26662831980354
688,26.177603903958442,2.3062250240772735
689,26.17331564815233,2.3459153698685875
690,26.168069361334787,2.386314507831902
691,26.162356543785307,2.4247036176197225
692,26.155744363393833,2.4641142789750665
693,26.147580188021358,2.506135020131215
694,26.13995410202437,2.5421229385497766
695,26.131445765617503,2.5812079102011913
696,26.122548300292642,2.620163612093784
697,26.113270188178205,2.658301264878791
698,26.10277891578864,2.6982636970559675
699,26.091937622686594,2.736629665181541
700,26.080783475283567,2.7740280237045596
701,26.06894414093391,2.8116910840324816
702,26.056336542391207,2.8500758679115474
703,26.04362866438832,2.887479927127054
704,26.03014937883047,2.9262819347439515
705,26.01697915931645,2.9634407879393185
706,26.003519331012903,3.0006810850084826
707,25.98976458962011,3.0377765957617444
708,25.975486889124877,3.0752750192736027
709,25.960958615141266,3.112327592992358
710,25.945928841833844,3.1493216138003333
711,25.930566425673636,3.1858882447619195
712,25.913221332671363,3.225495396125909
713,25.89802407201472,3.258823501250244
714,25.881054693278546,3.2946682680976793
715,25.863341233372623,3.330531115654821
716,25.84278324983549,3.3704517383696433
717,25.825723616636587,3.402177721391394
718,25.805393447728495,3.4386721681963612
719,25.786250159888805,3.471998752366114
720,25.763464421720816,3.5102331233697845
721,25.744927177102323,3.540569333839702
722,25.724906794262267,3.572656728665826
723,25.703296343324688,3.6062014327650145
724,25.679050598269825,3.6427186959913196
725,25.658802624123762,3.6725990564564337
726,25.636609941598532,3.705015318670856
727,25.613317356468016,3.73866347914967
728,25.59066695132017,3.77084028990997
729,25.567261231707846,3.803498232309981
730,25.543662793593846,3.835734695941106
731,25.519873486432235,3.8673201801015464
732,25.495296143090915,3.8989021985367636
733,25.470011547892565,3.930342227840755
734,25.444870902775417,3.960821937242953
735,25.419270012806514,3.9915983994295785
736,25.382997326634367,4.0353685096546625
737,25.368295060312757,4.053137898678229
738,25.337966655547557,4.089982958712876
739,25.31720361092668,4.115305865893637
740,25.28860368887515,4.149778270059842
741,25.266258255690662,4.17616543311707
742,25.24030799418072,4.206338070836522
743,25.214077670832907,4.236800392227361
744,25.187948928812038,4.267179169391468
745,25.162172294564105,4.296981622541508
746,25.136171899512405,4.3268783004257605
747,25.11027941023934,4.3570991685760125
748,25.084676297443636,4.387472762307929
749,25.05798743351806,4.419560090710238
750,25.03321237807452,4.449249372335518
751,25.00552292686599,4.481733331788552
752,24.982518875872273,4.507965398858206
753,24.95648032082523,4.537693479465703
754,24.930470917828664,4.56769736844849
755,24.903519888909873,4.598934634269776
756,24.876859757462235,4.630082662539574
757,24.838434707109332,4.675678333710785
758,24.826249634098748,4.6903659976623295
759,24.801489209127908,4.720617518968083
760,24.772173252976618,4.756916455952737
761,24.751171783791442,4.783261480102293
762,24.722791522480165,4.819560027650394
763,24.702120894749857,4.846525811522093
764,24.678095627287068,4.878448505096014
765,24.64554556885198,4.922637377145463
766,24.63071297571816,4.943175219499976
767,24.607682069244056,4.975442219072358
768,24.584395889240056,5.008293089799509
769,24.558915207358254,5.044057333688924
770,24.53458192885656,5.077949892553535
771,24.514557168624727,5.10585721470105
772,24.49080257156,5.139064671840491
773,24.465507933497236,5.174349213018285
774,24.444758916704803,5.203031135044258
775,24.41550807232183,5.243140247912466
776,24.39713794890876,5.268260130699197
777,24.37406513477249,5.2997990475221926
778,24.350066022010616,5.332485486157632
779,24.325874471780256,5.365205789386193
780,24.302482574555118,5.396336600275108
781,24.277950822366986,5.428158088534464
782,24.24194820860028,5.4726750914982585
783,24.22793096448808,5.48917449698254
784,24.19763237938071,5.523337526338699
785,24.165878380684767,5.557235320628125
786,24.146572200168556,5.576673844906402
787,24.118084909218016,5.603842933583571
788,24.088299273273407,5.630867689264167
789,24.058447441989546,5.657005917307862
790,24.02778350339421,5.6836557920025434
791,23.997703572641928,5.709617009487762
792,23.957967095146156,5.74341313541937
793,23.934040239866015,5.763416885060637
794,23.906389543346897,5.786132269828793
795,23.87533005788338,5.811282225780567
796,23.836578994999726,5.842480757233623
797,23.81301420416085,5.861522738135003
798,23.776328333930515,5.89099399127858
799,23.750417736112905,5.911428242553848
800,23.71793217654874,5.936580443789366
801,23.687304912709905,5.959789220300548
802,23.65468113601383,5.983941675215311
803,23.618410693312274,6.010307361853692
804,23.590466224562498,6.030158272013135
805,23.55727304509486,6.0532552836833995
806,23.524508265227823,6.075702105557136
807,23.49020418066736,6.098597024696123
808,23.44796562866631,6.1248001974222825
809,23.423669357088208,6.138705758449906
810,23.38830807641786,6.157623254424042
811,23.335836538749373,6.183242142244693
812,23.316956689087398,6.1917646895931115
813,23.280524563528495,6.207505372950839
814,23.243374765418796,6.223179519123223
815,23.199175725916994,6.241767058701569
816,23.170079755527567,6.253769353936514
817,23.132874745523104,6.2687997131135225
818,23.094284851025833,6.2832670404911966
819,23.057952155584566,6.295878513332053
820,23.01984408030464,6.309319667703367
821,22.978435298543868,6.324536371759252
822,22.945126760863655,6.336869799402475
823,22.906412214987267,6.35097139925733
824,22.863951265661097,6.366881447968609
825,22.831937266832572,6.379641851192743
826,22.79518521676,6.394199311680845
827,22.75850326061878,6.408721873708878
828,22.72057863519292,6.423878628565739
829,22.677121208169336,6.441662898591621
830,22.647379735252994,6.454322626473319
831,22.608479142891913,6.47179362356433
832,22.57467035187,6.4874322318193
833,22.538878983960384,6.50372898200499
834,22.501692589873098,6.520328065060112
835,22.465177382602945,6.536323628367973
836,22.425451379292436,6.5538203439028315
837,22.39255482019755,6.568682573400336
838,22.356094307225842,6.584979707806459
839,22.31965991451343,6.601123339784299
840,22.281057896403205,6.6185570321046665
841,22.246738807420968,6.63432115693995
842,22.210446796836866,6.6511672205783166
843,22.17445963487108,6.668203272915987
844,22.138514466762064,6.685698440875736
845,22.102734333811558,6.70392421567046
846,22.060720915106877,6.726165841771173
847,22.032200474560028,6.741116747931059
848,21.99614694476369,6.759739408042775
849,21.961467779591395,6.777627925908158
850,21.9169333344544,6.800837068996034
851,21.885156929606506,6.81759145715082
852,21.846617663427,6.838105236957463
853,21.819487089471718,6.852643924601667
854,21.784535518399778,6.871421376889393
855,21.74870044114049,6.890600950191847
856,21.714196008073856,6.909001880472824
857,21.672934708876813,6.930993732135581
858,21.643472487033225,6.946726978566087
859,21.608352486830047,6.965644881083424
860,21.566220881207308,6.988281782995231
861,21.535939209388207,7.004477445916987
862,21.502168682628678,7.0225519488599
863,21.467227798134168,7.041167506490912
864,21.431971636901135,7.059844323085315
865,21.3967925499404,7.078440125270203
866,21.356703019856468,7.099694117669703
867,21.32609437092021,7.11603088593623
868,21.291120990566675,7.134737871073316
869,21.255818018583202,7.153638944996332
870,21.22022208413259,7.172647871084664
871,21.18389705366364,7.192118391867485
872,21.147925954237213,7.2115054130298795
873,21.11512612608714,7.229162484273795
874,21.079637916314454,7.24835207044811
875,21.0447449177439,7.267297781510064
876,21.009242089422926,7.286686193808393
877,20.974665358899045,7.3057347556005405
878,20.939605092626017,7.324976908935335
879,20.87489783817428,7.3600244680482945
880,20.86891201561999,7.363224673193411
881,20.825351650128702,7.386587877279051
882,20.79902849317958,7.400840473503244
883,20.757507109628147,7.423103581391426
884,20.72853413153408,7.438383581473817
885,20.69307353179496,7.457105570107179
886,20.657829896458548,7.475627946753398
887,20.58729568318913,7.511988393955943
888,20.569611579400938,7.520942777139056
889,20.55087333422678,7.530403479265686
890,20.515972512814713,7.54811829604892
891,20.480139415008757,7.5663454857032235
892,20.440983290656945,7.58630240513183
893,20.40900731178048,7.602599214354771
894,20.37333247603016,7.620659813624953
895,20.33722143120048,7.639107378617546
896,20.290409052225183,7.663027652147277
897,20.266542020007165,7.675159918205094
898,20.23081142090718,7.693367499635737
899,20.1951337144653,7.7115168924198745
900,20.15531309388169,7.731835673003203
901,20.123483824861456,7.748077885935908
902,20.083223195612813,7.7685581282004055
903,20.05229419629672,7.78430986364738
904,20.017139278350843,7.802072187456049
905,19.977139427331995,7.822170376086154
906,19.94326493974637,7.839177616185596
907,19.910213997878344,7.855751504344894
908,19.874534144630633,7.873696737799054
909,19.83308036255839,7.894495421814856
910,19.802675902128374,7.909776870336055
911,19.767255141596607,7.9277830087461
912,19.721694753997195,7.951129746226712
913,19.69134882616205,7.96676426252574
914,19.66007957708413,7.982771151958135
915,19.624983013067048,8.00058354520219
916,19.58851665736391,8.019161470466717
917,19.551607691015388,8.037902890781437
918,19.510230694346163,8.058775715928611
919,19.48243473271712,8.07276465509174
920,19.43633939175554,8.095834468304002
921,19.39257667720968,8.117613707762505
922,19.370503299158834,8.128488846101476
923,19.339102216252083,8.143860847432448
924,19.303426522620615,8.161328864004572
925,19.26715025231399,8.179082665523215
926,19.228265911507897,8.198230718012054
927,19.195490091630134,8.214409237178796
928,19.160365762660682,8.231621540598963
929,19.11153073175485,8.255352338859156
930,19.08792167958481,8.26675239667393
931,19.051605803650318,8.284373242866065
932,19.014977636467737,8.30222201044195
933,18.97492958213134,8.321758256440027
934,18.938908209082683,8.339499029762722
935,18.908239917048565,8.35460412870817
936,18.872206699268833,8.372222907965222
937,18.833253194489732,8.391050049636835
938,18.800625507720007,8.406520650815393
939,18.76483071969621,8.423432779639601
940,18.72183361825675,8.443657665755138
941,18.692178068593634,8.457463626124648
942,18.656135965251295,8.47427208633923
943,18.620091407275574,8.491133168393423
944,18.58413954169189,8.507994377083595
945,18.546375085366176,8.525696717639876
946,18.510779107906004,8.542451763271783
947,18.473595085619603,8.560129119101603
948,18.420080328329693,8.585782004000096
949,18.395421142525777,8.597779631478856
950,18.367468134318347,8.6114957773743
951,18.31337424077152,8.638334207249233
952,18.29569903989922,8.647190835454413
953,18.26015115521226,8.664912772679726
954,18.224162863184567,8.682654906314045
955,18.188510043873595,8.700108466491548
956,18.1526884983448,8.717350472353347
957,18.113933187864422,8.73586639842503
958,18.057699635922848,8.762702564144735
959,18.041173715140285,8.77059162176352
960,18.00780075280359,8.78639505760858
961,17.96958575597289,8.804120444006427
962,17.932546632923025,8.8211336743259
963,17.899477237034443,8.836273014822916
964,17.858211078148877,8.854810307150698
965,17.82657649684982,8.868784924481428
966,17.787602297695717,8.885741847438634
967,17.753359303601417,8.900521453424467
968,17.71628187187404,8.91660794951856
969,17.67624893548865,8.93415847539192
970,17.64038898420015,8.950131781629842
971,17.607057582517395,8.965209562095374
972,17.549126497053802,8.991840162199367
973,17.52069914907141,9.005061348717032
974,17.498208067621576,9.015523660404694
975,17.455298374285217,9.035531110146154
976,17.414948205243938,9.05440487111555
977,17.388212299771123,9.06691506680874
978,17.347138074163787,9.086150508622858
979,17.31742801136183,9.099980913615067
980,17.280167854486436,9.117240381649006
981,17.244972248124956,9.133416197697546
982,17.200827285426715,9.153361413605994
983,17.170156270494846,9.16702800288944
984,17.134519863487228,9.182618058698443
985,17.095719937091122,9.199269873679983
986,17.04106477068449,9.222418399234598
987,17.025437535284752,9.228965350989736
988,16.98769771175878,9.244939746437566
989,16.95057041913358,9.260875829108976
990,16.91432687029095,9.276543420116472
991,16.878538306528174,9.292157591933707
992,16.841398197373422,9.30849182394095
993,16.79998200471636,9.326939924226949
994,16.761720084969546,9.344184032952711
995,16.732452669054148,9.357369815441011
996,16.69140821695447,9.375741746747758
997,16.650483512899864,9.39368435435933
998,16.6095069276385,9.411202957613492
999,16.584425897805204,9.421626210318628
1000,16.54920764127673,9.435995426028857
1001,16.51182246670238,9.451286100140644
1002,16.47502732763047,9.466482206588946
1003,16.43840511448709,9.481724505507268
1004,16.398355714757578,9.498547555401283
1005,16.356255578847016,9.516196855031659
1006,16.327899325920907,9.5280422223884
1007,16.284659555843227,9.545852612383792
1008,16.25107456229043,9.559400183939248
1009,16.21466425012216,9.573965412894193
1010,16.17992508031913,9.587648680410027
1011,16.132353087623365,9.605988464817342
1012,16.1048216937583,9.616404210157892
1013,16.067877960360867,9.629877767853642
1014,16.030017921951398,9.643038049750963
1015,15.992252680925851,9.655660357454911
1016,15.95372248779443,9.668047609591788
1017,15.902794703984048,9.683713996368539
1018,15.877656483007465,9.691194569018528
1019,15.839555337015058,9.702485131552686
1020,15.792482748626911,9.7165999377585
1021,15.750362080660214,9.729467160455116
1022,15.724871811706558,9.737370615561872
1023,15.681777667156565,9.750980939476657
1024,15.647009873695223,9.76223855688293
1025,15.604520523854012,9.776406746153881
1026,15.57306227527829,9.787229582954485
1027,15.529833313909442,9.802736969717193
1028,15.497548823612027,9.814759075329984
1029,15.45981191708962,9.82907958365115
1030,15.422952300326825,9.843290940626986
1031,15.385227172104267,9.85795641965266
1032,15.348399795804712,9.872383679771106
1033,15.303538830623257,9.890066102392082
1034,15.274481628607566,9.901447543093832
1035,15.236801666531633,9.91609777475664
1036,15.196389940287968,9.931626503414904
1037,15.16270952992344,9.944390312389976
1038,15.124806495014637,9.958527306402233
1039,15.087461813662225,9.972268987374692
1040,15.050092457596241,9.985939660051923
1041,15.007057021658367,10.001529498143876
1042,14.972383094893129,10.013996187553627
1043,14.936347862104132,10.026948194364788
1044,14.899626240403347,10.040149560917666
1045,14.856213787416628,10.055959433964174
1046,14.82482142017131,10.067511705757452
1047,14.787465213775363,10.081318582822298
1048,14.749923754355112,10.095362182072101
1049,14.70404158597692,10.112754320207378
1050,14.674943612789315,10.124059240588608
1051,14.6378858260488,10.138956273766167
1052,14.597507113683234,10.155785273961412
1053,14.564549710525604,10.170106339617568
1054,14.522932496534224,10.189018690522035
1055,14.467467552563612,10.215782728602566
1056,14.455351309779694,10.221916286486703
1057,14.416748994670293,10.242065660973124
1058,14.38353569174987,10.260046379580007
1059,14.34989920991387,10.278853373748483
1060,14.315137230003803,10.299056045731257
1061,14.280983313378396,10.319611880715314
1062,14.23885059591625,10.345644049868053
1063,14.212443292147258,10.362504613052144
1064,14.179352965961103,10.384540090736197
1065,14.140485469647544,10.412050752442957
1066,14.111157378766904,10.434264163346633
1067,14.0832989436427,10.456723721511343
1068,14.0455734191163,10.489058787894734
1069,14.022891005430425,10.50937607441666
1070,13.993504698342278,10.536410362117753
1071,13.96419992751193,10.563955292291311
1072,13.935119636820097,10.591755317617203
1073,13.903299247117483,10.622428801280783
1074,13.876924113326435,10.64800550268919
1075,13.847335075249827,10.67744802686786
1076,13.817576361339077,10.70797758004999
1077,13.793635992971987,10.732880231480058
1078,13.75583893040082,10.772481657815293
1079,13.735861403303383,10.793573810525123
1080,13.710277095667312,10.821209799717845
1081,13.684656521131114,10.84955593377052
1082,13.658027148915787,10.879502743752083
1083,13.631549619997122,10.910029408884764
1084,13.605590900260733,10.94045903995609
1085,13.579441107460202,10.971273577906711
1086,13.537990510301503,11.020413779824958
1087,13.527531728254178,11.032823539791057
1088,13.502059032729111,11.062949823577485
1089,13.475848697605644,11.093492808991247
1090,13.44817514104603,11.124966860498557
1091,13.41923064268459,11.157040197307298
1092,13.393518019276131,11.184484620841845
1093,13.363757363265346,11.21451273706316
1094,13.338924169072722,11.237668289284404
1095,13.30294725857661,11.267710445947397
1096,13.274989476330905,11.288812435545484
1097,13.24516854980787,11.309995154125765
1098,13.212945450267641,11.332436013908296
1099,13.157887613944085,11.369731988130477
1100,13.135266990718105,11.384530915964808
1101,13.112874501078855,11.398791184357075
1102,13.07953007118446,11.419186375146692
1103,13.044508036661917,11.439390403814642
1104,13.009481227011088,11.458433195874415
1105,12.974340327271069,11.476653531344303
1106,12.938619001172102,11.493877269830266
1107,12.899155561578164,11.511192549054266
1108,12.864970235504607,11.525030022834985
1109,12.819444053355532,11.542175844600928
1110,12.790117338675794,11.552759807210146
1111,12.752203416029374,11.566074071397333
1112,12.715496645876303,11.578689164170282
1113,12.668622379518185,11.594591583048755
1114,12.639384417991334,11.60435289447428
1115,12.602227324585053,11.61663963783247
1116,12.562808600765901,11.629544838444632
1117,12.526075383122096,11.64144071616776
1118,12.479348765051046,11.656513168948738
1119,12.449552834129815,11.666056154497088
1120,12.41191887342921,11.678033851420684
1121,12.374036872657479,11.689965696998202
1122,12.331824507918913,11.702956548589734
1123,12.282340151339973,11.717806695421443
1124,12.258975347559295,11.724666024085643
1125,12.220140708798853,11.735880425176163
1126,12.181942887238181,11.746711161216298
1127,12.141822964141848,11.757832154693494
1128,12.105202644809106,11.767712245847774
1129,12.06661513896791,11.777849595045781
1130,12.028083080487407,11.787643073049331
1131,11.98862096533436,11.797335224427098
1132,11.948434434413306,11.806798769738895
1133,11.911126691865798,11.815147326905372
1134,11.87194986426592,11.823421816941753
1135,11.833144366141873,11.8310803567077
1136,11.79348682826351,11.838278368441285
1137,11.754732516443557,11.844680303067394
1138,11.712630930727418,11.850947969893838
1139,11.675647319144714,11.855890532895518
1140,11.602170072596719,11.864621025811633
1141,11.595610194314096,11.865330504279106
1142,11.54004827769704,11.871002000874999
1143,11.515627576620172,11.873316428510421
1144,11.477490336426852,11.876644617969497
1145,11.436700232035362,11.879907718768573
1146,11.396890287670177,11.882802770321439
1147,11.357152539928991,11.885382181960278
1148,11.317226486028643,11.88769661077435
1149,11.278228334155981,11.889568202335548
1150,11.232991098394498,11.89131674649898
1151,11.19761917791091,11.892373953296838
1152,11.151880663102558,11.893317484931009
1153,11.118655243653997,11.893771001589087
1154,11.069246071295796,11.8940308327512
1155,11.029505873034653,11.893969152987728
1156,10.998827438827053,11.8938104954515
1157,10.959197258307881,11.893467263899007
1158,10.91818380814253,11.893059337054
1159,10.879186286290533,11.892635362786281
1160,10.836101457855134,11.892122085388687
1161,10.799202026198282,11.891708922890768
1162,10.758133322574263,11.891231147296388
1163,10.712130023211108,11.890751002568045
1164,10.677329815913687,11.89043064851642
1165,10.639245821754857,11.890082278392079
1166,10.599170096887304,11.8897720382912
1167,10.559428592015811,11.889469230808416
1168,10.519095267276457,11.889193042202713
1169,10.479435571681295,11.888990421523596
1170,10.439528424500208,11.888796143258315
1171,10.397681441679858,11.888670928914753
1172,10.359088566107511,11.888595813152607
1173,10.2995367305984,11.88852778620178
1174,10.272509980705214,11.888545515055187
1175,10.237977646698491,11.888585417144448
1176,10.19436246011272,11.888729745982412
1177,10.158940488297777,11.888911210809857
1178,10.119279380039957,11.88915888962478
1179,10.079200904530989,11.889474792080243
1180,10.037492468031681,11.88981750681621
1181,9.998739265740268,11.890187160133507
1182,9.959462128972794,11.89061802301442
1183,9.919643681366233,11.89104498632558
1184,9.874195367590398,11.89157538835053
1185,9.838015077804261,11.891980716046424
1186,9.790382837527126,11.892506574746015
1187,9.75930382900964,11.892856433826088
1188,9.72006986259462,11.89327060514079
1189,9.678277952431742,11.893750963220091
1190,9.623934372468069,11.894410008086536
1191,9.600019283019419,11.894714115978607
1192,9.5583429589834,11.8952643299559
1193,9.520059465778546,11.89575456333552
1194,9.479928181067173,11.89632209021964
1195,9.439851434764408,11.896962451879844
1196,9.40041903177028,11.897643132817555
1197,9.360570266010182,11.898448177617436
1198,9.320172407222442,11.899351586290589
1199,9.280140888751394,11.900342555366848
1200,9.240269315856649,11.901438594400572
1201,9.198046742607467,11.902652632569845
1202,9.159848424390624,11.90385370783764
1203,9.118237529997094,11.90525148127575
1204,9.073219748621005,11.906886181221
1205,9.037557877347325,11.908318478525123
1206,9.000649611235024,11.909929117554166
1207,8.956706045331442,11.912185661293767
1208,8.909304047135269,11.915251110457708
1209,8.87448880969435,11.918103413099281
1210,8.83333038948058,11.922331757641395
1211,8.798432539181423,11.926705843703562
1212,8.753772759474067,11.933598785591455
1213,8.72162220863788,11.939292087493511
1214,8.683177119945105,11.946275742158276
1215,8.637075731036095,11.954807128677746
1216,8.60291224799562,11.961182321607668
1217,8.563980623600537,11.968425163257113
1218,8.524952932739746,11.975641492044899
1219,8.478494619051212,11.984006254224482
1220,8.446503289919601,11.989589709394696
1221,8.407005941602945,11.99622647730165
1222,8.364011839392324,12.003096996909369
1223,8.327704574978405,12.008760470667196
1224,8.288601996002312,12.014763065773385
1225,8.249324236461119,12.020666576420483
1226,8.209848203426521,12.02647091608446
1227,8.168112581633487,12.032349839265908
1228,8.128742753799576,12.03771721465816
1229,8.090963526900977,12.042648443172553
1230,8.051618901436635,12.047335078645618
1231,8.011349279273528,12.051494962610708
1232,7.971683734008718,12.05485863613391
1233,7.930734774068608,12.057731113951704
1234,7.8861132142546095,12.060079060306794
1235,7.852319820617783,12.061153152766645
1236,7.811227585249204,12.061538623945122
1237,7.773474040489895,12.060954256316128
1238,7.73322961485078,12.059768639298747
1239,7.693118851603384,12.058440225762139
1240,7.641557404179302,12.056595849496166
1241,7.612325858766459,12.055495526289981
1242,7.573538809959542,12.053969606122019
1243,7.53290038668282,12.052305523487378
1244,7.489591178859602,12.050545871957818
1245,7.453560933350452,12.04906278412963
1246,7.400748336477082,12.046958268631471
1247,7.3719345294070555,12.045890493941615
1248,7.329695722516684,12.044370617057787
1249,7.292810140225553,12.043108231950272
1250,7.248529102948036,12.041605834002455
1251,7.214187666046223,12.040459841780917
1252,7.173282114152962,12.039153496552851
1253,7.133461804383604,12.037877549782415
1254,7.0924259380648875,12.03659938146608
1255,7.052846013371577,12.035379558495585
1256,7.0137613831546,12.034228509692602
1257,6.974238410807701,12.033161299021415
1258,6.934180498050078,12.03210025199163
1259,6.892994524254573,12.031054005117099
1260,6.848570142040091,12.02993619712441
1261,6.814500087742104,12.029072856776882
1262,6.774391057440024,12.028157881558363
1263,6.734256379334851,12.02733986189424
1264,6.68808949811348,12.026526368598478
1265,6.654034246348288,12.026014287611925
1266,6.614379529965878,12.025362107409356
1267,6.574544717294434,12.024633403190329
1268,6.5327857907173,12.023749036826603
1269,6.487496087318677,12.022681941768047
1270,6.449605051549602,12.021751925463931
1271,6.413961666072862,12.02081014227008
1272,6.362119376301965,12.019445010536321
1273,6.33453685545043,12.018722279409396
1274,6.2812748947381545,12.017312267021255
1275,6.2539884148480285,12.016601331885651
1276,6.213314382088753,12.015465407435308
1277,6.1743786581765026,12.014315963194859
1278,6.134125188418298,12.01309092801669
1279,6.094871769449271,12.011824905133372
1280,6.053781604272224,12.010624338633002
1281,6.014563406474157,12.009726131700805
1282,5.972827414756986,12.009058933595773
1283,5.934523133839193,12.008605333436801
1284,5.887078850970811,12.00802487477666
1285,5.85483789207982,12.007664163600097
1286,5.814826238498547,12.007256660849997
1287,5.77512834519483,12.006877057478162
1288,5.731791727090971,12.006624859833178
1289,5.694304380220538,12.00662670837959
1290,5.655278461207673,12.007045915300337
1291,5.614580593711166,12.007755681955821
1292,5.574969034790311,12.008535362198613
1293,5.534317040368309,12.00938854902191
1294,5.492418504418517,12.010212171995898
1295,5.455075294670253,12.011027098417616
1296,5.415191667946955,12.012071858292396
1297,5.3749716460698895,12.013188899642792
1298,5.334951424805641,12.01441845196857
1299,5.2951240747194,12.015721748050913
1300,5.25365159387577,12.017115574668855
1301,5.215353641003524,12.018629718420929
1302,5.174680365929099,12.020532198523481
1303,5.134953347379562,12.022670760809936
1304,5.085802419442046,12.025484700927796
1305,5.054793200385834,12.02732985066742
1306,5.0156071896043555,12.029766254211653
1307,4.969590761079419,12.03264390389207
1308,4.935560759272888,12.034764032441835
1309,4.891434277737479,12.037359323958944
1310,4.856273077595057,12.03918854817906
1311,4.816208744218535,12.040883125111506
1312,4.776503417084837,12.041631119681053
1313,4.735831606019757,12.040997525903057
1314,4.693472591429533,12.038634785306495
1315,4.651272425611941,12.03458547482692
1316,4.612863719402006,12.029582590652877
1317,4.566191259687816,12.0216366802758
1318,4.534488307266382,12.015000839549838
1319,4.495250612738304,12.005172022893616
1320,4.461796027041441,11.99555254768882
1321,4.425680152947405,11.98415523650187
1322,4.386373118337425,11.970586965957592
1323,4.341732125686776,11.95342664178014
1324,4.313849099998687,11.941615122629416
1325,4.278063594763424,11.925550298377678
1326,4.2416433411549646,11.908425120987472
1327,4.2063793400372775,11.890844447941907
1328,4.151972241964167,11.862353133201736
1329,4.1309931718884245,11.851045329131413
1330,4.0950340576855035,11.831257392596317
1331,4.065632183655349,11.81457968102117
1332,4.027703677713963,11.792394923418021
1333,3.9972311567881125,11.77408627444591
1334,3.963443362998364,11.75320796795939
1335,3.929933389579447,11.731802103494433
1336,3.8937875655738674,11.707699438258627
1337,3.8585550485318696,11.683075429201867
1338,3.832033328460977,11.663701102329105
1339,3.783571099409167,11.626871566421094
1340,3.768499843040506,11.615095598521748
1341,3.737038562239241,11.589826789920714
1342,3.7066381609789874,11.564599631252076
1343,3.6758201817991227,11.538290892495171
1344,3.646252422733358,11.512490868996386
1345,3.616419452034177,11.486315545499536
1346,3.5824486257415873,11.45645234726954
1347,3.55596196326657,11.433060649690532
1348,3.5265686579903126,11.407022139273904
1349,3.4937441098781017,11.37823773551374
1350,3.465110259301317,11.353413242473206
1351,3.426707097402108,11.320358614577437
1352,3.405709469495638,11.302460287173995
1353,3.373296871089738,11.275277522830239
1354,3.343546195502835,11.250790944561992
1355,3.3115420427032363,11.225019930070196
1356,3.2809171398325727,11.200848922978295
1357,3.249902168399539,11.176725695394593
1358,3.218426536470291,11.152362501319384
1359,3.1858350663375576,11.127026906260358
1360,3.1353096374350815,11.08783126755441
1361,3.116371570113856,11.073129677876342
1362,3.085322714094939,11.049259046822547
1363,3.0593491939268267,11.029716918902926
1364,3.027807649363343,11.006205527648282
1365,2.9960539090294462,10.98241443488327
1366,2.963767124119206,10.958198506903802
1367,2.930862153560522,10.93354292234575
1368,2.8905323580468627,10.903363164317067
1369,2.8429605620024434,10.86742856316119
1370,2.836283697642799,10.862354244400588
1371,2.8043110967207006,10.838030335292231
1372,2.7726828431414963,10.814188248641946
1373,2.7401808652733313,10.790384173190485
1374,2.7075443178930745,10.767224522858923
1375,2.674564066497563,10.744455277908436
1376,2.6407082544785503,10.721710780667198
1377,2.601383895736423,10.69582193281658
1378,2.568539681473387,10.674702816206569
1379,2.536624322539094,10.654580245630987
1380,2.5070656810369103,10.636097531396587
1381,2.4730360718345716,10.614689039721032
1382,2.4272069711255386,10.58522289480179
1383,2.403510945384638,10.569802155163528
1384,2.367504150107687,10.546248289826158
1385,2.3392228042066834,10.527240314710415
1386,2.3059617570519158,10.503541639952742
1387,2.2748585561921577,10.479910945761745
1388,2.2297241990629297,10.443438300918656
1389,2.2139047550953572,10.430014421527218
1390,2.1802224360492723,10.399596878182338
1391,2.1555340188997456,10.375704254108307
1392,2.127613383117454,10.347343081925766
1393,2.100232851214634,10.31753536771604
1394,2.076074822920905,10.287887391526088
1395,2.0513256713990033,10.252491063223914
1396,2.022906882137082,10.203784482565204
1397,2.014762173046187,10.187814753533722
1398,1.9963016051078368,10.14868585306332
1399,1.9812202915336392,10.11462652570515
1400,1.9660437060284492,10.07834784195888
1401,1.951496623638772,10.040940420818606
1402,1.9353862375750888,9.994250210860688
1403,1.9160390579774798,9.926824197545642
1404,1.9157383067261542,9.925667594572722
1405,1.9064056115944668,9.88915924122024
1406,1.8965952583186303,9.85084605357401
1407,1.8865147820799766,9.811942967318235
1408,1.8763128475921373,9.772484710892144
1409,1.8665834736032867,9.734607751546053
1410,1.8566262214544293,9.695522482444753
1411,1.8469441516670964,9.656959745484704
1412,1.8372768556931354,9.618231892787827
1413,1.8277322277340664,9.579264728617305
1414,1.8184689373618532,9.540481361221916
1415,1.809350663076406,9.501971944749592
1416,1.8004430198233055,9.463080415842388
1417,1.791551682250962,9.421209145586834
1418,1.7830651438438765,9.374250541131275
1419,1.7783522105517884,9.34344202597106
1420,1.7725745315392312,9.305945214452308
1421,1.7661089595015271,9.2664143224122
1422,1.7595746424356047,9.227607781362874
1423,1.7528549319532336,9.187521694877466
1424,1.7463582823590589,9.14823657671212
1425,1.7398908568225862,9.108780375502235
1426,1.733676278753644,9.06926132570703
1427,1.727715713742732,9.029808418730077
1428,1.7216474541220002,8.990168355988255
1429,1.7148593460056973,8.946070376444379
1430,1.7094755700976054,8.911487174218205
1431,1.702875739165689,8.870513649398204
1432,1.696507202182501,8.832786915528317
1433,1.6894945483824007,8.793103098054125
1434,1.681288384345493,8.748108631782353
1435,1.6750383635704968,8.714772486507169
1436,1.6674939037896739,8.675040214575324
1437,1.6600290074812214,8.635889829359723
1438,1.6525792561378592,8.596987501499513
1439,1.6450157217391632,8.557336969564174
1440,1.6372621883428098,8.517322355978285
1441,1.6294991956141431,8.478808590174062
1442,1.6211037859501634,8.438704861100737
1443,1.6127467642587412,8.400590416088267
1444,1.6038705008423684,8.361761758337403
1445,1.5947127478624807,8.323080794218074
1446,1.584697092043233,8.282071952323044
1447,1.575448132748039,8.244785317264215
1448,1.5621465711897284,8.192821195632852
1449,1.555339322417401,8.167136114433692
1450,1.5450505920696467,8.129268902661961
1451,1.5340912142470977,8.090391901217941
1452,1.5230186202756841,8.051981017680571
1453,1.5118634601740168,8.013224579990556
1454,1.500201817666245,7.97120193640668
1455,1.491459452245902,7.937077833151069
1456,1.4823668119231237,7.897963849738915
1457,1.474383677779382,7.858568869457006
1458,1.467310373190229,7.818988796829933
1459,1.4602218475948365,7.780335980610401
1460,1.4529865107417292,7.740487558912521
1461,1.4465004474442056,7.701542939223671
1462,1.4405226988208193,7.661984879618893
1463,1.4340195146205552,7.616481775633761
1464,1.429100195220863,7.5815725241286
1465,1.4233919586270243,7.540627834930698
1466,1.4175657593952156,7.4985825098067025
1467,1.4120450733577763,7.458091555035765
1468,1.4071897290058184,7.421415940510751
1469,1.4023356174288448,7.384527490562538
1470,1.397255213530531,7.345424042639501
1471,1.3922193734945358,7.3057728304437095
1472,1.3872174803068344,7.2656014818316
1473,1.3824414516942287,7.225856195795405
1474,1.3777614750964307,7.185990800758251
1475,1.373126724917799,7.145772681308148
1476,1.3680384912251957,7.100681910624752
1477,1.3643850250516005,7.06802182722335
1478,1.3600304658548186,7.028320138303291
1479,1.3550112847983267,6.981498479076415
1480,1.3515441192864852,6.94857107049419
1481,1.3474918798654574,6.9089829252995285
1482,1.343411275174005,6.868381120287308
1483,1.3395368854552454,6.829130750921382
1484,1.3356826850034016,6.789308869308098
1485,1.3318509124689903,6.748984459114441
1486,1.3281550885963933,6.708907124766144
1487,1.324631768493428,6.670110611568038
1488,1.3210474167546724,6.630349494418166
1489,1.3174767779311016,6.590701596361821
1490,1.3138628805459216,6.551187498709052
1491,1.3100738603232318,6.5104074215722685
1492,1.3063860430857865,6.471466049513088
1493,1.3025680420406882,6.4317055643490075
1494,1.2986766365388598,6.391485060066329
1495,1.2947364668405859,6.35125258423478
1496,1.2904032333871458,6.306890719451219
1497,1.2871318224016695,6.273166256810953
1498,1.2832553715406685,6.2326419122700285
1499,1.279542567552056,6.192564445762814
1500,1.275885774689598,6.151971513380508
1501,1.2724948523062993,6.1132164030551825
1502,1.2684196539447785,6.064621433790558
1503,1.265919139556061,6.033645427259507
1504,1.2628800805089029,5.9938355958518885
1505,1.2600851001473472,5.954060841991913
1506,1.2575179690866953,5.914017241073432
1507,1.255213132620687,5.873883348132257
1508,1.2531297250643652,5.834326254150291
1509,1.2511685844044036,5.793951181089293
1510,1.249260639014028,5.750948613285946
1511,1.2475329001811324,5.707454251646594
1512,1.246394103981845,5.674832806296829
1513,1.2451401793705292,5.634494241021292
1514,1.2433798244579275,5.5661882943750065
1515,1.242968259845077,5.546439066962176
1516,1.2424142335209885,5.514569128516537
1517,1.2419422473761155,5.474669822662342
1518,1.2416963130469163,5.408909140074516
1519,1.2417272570053335,5.39430944710844
1520,1.2419270569668186,5.354468536381788
1521,1.242290567552747,5.314845964366311
1522,1.2427577165710875,5.275024532647406
1523,1.243299052236922,5.234176297278431
1524,1.2438595241936128,5.194457428261923
1525,1.244416849946847,5.155203204779056
1526,1.2450660631446668,5.112021589196589
1527,1.2456739210062533,5.075147415189271
1528,1.2463923058473405,5.034961861524616
1529,1.2471142132011765,4.995474181953464
1530,1.2477206349677767,4.955253974055163
1531,1.248028986808448,4.915270385824537
1532,1.2479527119213134,4.874825420839755
1533,1.2472924957636766,4.825961802523495
1534,1.2465855133013028,4.795248827354497
1535,1.2453147213868814,4.7541603920312605
1536,1.2438267981759359,4.715067453776982
1537,1.24203332755713,4.673517705720065
1538,1.24012894844339,4.633885713325464
1539,1.23810868721271,4.594317469645052
1540,1.2360108834823822,4.554104929071469
1541,1.2340959090292667,4.515331490550107
1542,1.232262303073055,4.47209028914733
1543,1.230945963690828,4.427756791841135
1544,1.230358855670714,4.395437779420597
1545,1.2299316843538424,4.353588014462275
1546,1.229793457787013,4.315988751906864
1547,1.229735356624383,4.276134913345805
1548,1.229527397523928,4.228930523522339
1549,1.2292217400090364,4.195784160916197
1550,1.228765008269555,4.1558480950814864
1551,1.2283041916448019,4.115829456493082
1552,1.2278546721315597,4.0752140248483375
1553,1.2272782255994923,4.020463861116509
1554,1.2270732496801697,3.9747494915657806
1555,1.227096089037654,3.955685501667999
1556,1.227348308737544,3.915437230232076
1557,1.2278811987034812,3.8757274509603388
1558,1.2285135027613816,3.8359792054430315
1559,1.2291134750370194,3.780339841687184
1560,1.2294256761081284,3.7436154529036987
1561,1.2297155103133197,3.715877794042893
1562,1.2305362830954687,3.6763077821622394
1563,1.2319906658975535,3.634679347366626
1564,1.2334993904156972,3.5965881124116406
1565,1.234948851157375,3.5559790134184412
1566,1.2370088314636423,3.5005318365969327
1567,1.238159264066492,3.4740536000473132
1568,1.2399240797631201,3.4368175778215013
1569,1.2419974727483136,3.393185742577246
1570,1.2436259028855832,3.35681088123789
1571,1.2453016109838668,3.3157381811268203
1572,1.248248462629899,3.2477768576640087
1573,1.2494132473687949,3.2241310174096443
1574,1.2506474700306416,3.1972087636279958
1575,1.252298329994515,3.157317519070804
1576,1.2539738510972154,3.114834305190153
1577,1.2554416659651813,3.077231432198439
1578,1.2570223599977413,3.037433040396314
1579,1.2586605807803757,2.996642085155814
1580,1.2602943964766513,2.957466837023482
1581,1.2621575724052991,2.91400673709591
1582,1.2637589126528672,2.877384565986385
1583,1.265432162571713,2.837818981868973
1584,1.2669124954844646,2.797093838755674
1585,1.2680930075053365,2.7578182714648545
1586,1.2692979841711594,2.7110729331229857
1587,1.270209377042604,2.666017659915161
1588,1.2708754849801125,2.631445409317672
1589,1.2716261529622979,2.5977630055659167
1590,1.2727390319262724,2.5567888330646333
1591,1.2741602893570234,2.517037728844753
1592,1.276115853820942,2.4776106046473947
1593,1.2788232426258168,2.438751202654866
1594,1.2822503080316696,2.4011810238286446
1595,1.2869005423812405,2.357608773486543
1596,1.2955651363989056,2.289170157675512
1597,1.297967194772216,2.27195374794856
1598,1.3025754908484508,2.2399943010100247
1599,1.3082438528202203,2.2010078338067585
1600,1.3135801418981075,2.1612289230973936
1601,1.3187531806042827,2.118330825731125
1602,1.3230248235917645,2.0819027470948233
1603,1.3280238569679599,2.041550727695794
1604,1.3334939825584031,2.0007999157265535
1605,1.3398050375935717,1.9562961907256409
1606,1.3446686716200058,1.9235576850303668
1607,1.3512553713424642,1.8817839473976783
1608,1.3573834214745926,1.844708611002643
1609,1.3642636395442318,1.8056667019056476
1610,1.3715962664680708,1.7667020850701103
1611,1.382378752245661,1.7143546217772079
1612,1.394031473032861,1.6637192218859458
1613,1.397621174558915,1.6489410303948524
1614,1.4072578563561604,1.6114760479135022
1615,1.4204082750272835,1.5655541234631185
1616,1.430525159847154,1.5340997484822974
1617,1.4462760243088373,1.4913641961609985
1618,1.4623412310339026,1.4525849164651254
1619,1.4778040366946241,1.4180489385637816
1620,1.491981602799707,1.3882590337989527
1621,1.5132491801315586,1.3461372779512752
1622,1.5285170750996673,1.3178113505561377
1623,1.5479545074163923,1.2838679513166256
1624,1.5685719259273365,1.249147577601595
1625,1.589422696875123,1.2156076686584751
1626,1.613023133206981,1.1808555961054188
1627,1.6352059978567748,1.152232183453756
1628,1.661401261872623,1.1225789223613494
1629,1.6894054816388173,1.0943803593530939
1630,1.7181023718040611,1.0678393703034539
1631,1.7516568458602622,1.0388260832577259
1632,1.7790831863130216,1.0165053197113778
1633,1.8107093915240156,0.9925643854984533
1634,1.8428626350664712,0.9697215938880025
1635,1.876432623004512,0.9475064540010292
1636,1.9098347228600534,0.9266910981109475
1637,1.9456450958786078,0.9054845117142192
1638,1.9831537842812281,0.8844358084243992
1639,2.0154985076307836,0.8668284776059552
1640,2.0503284554534758,0.8479990957891379
1641,2.0842913983055946,0.8293513006980561
1642,2.119172013653716,0.8097105696189327
1643,2.157007867854868,0.7881375922833029
1644,2.1883915773785074,0.7708191349577678
1645,2.2242854924740376,0.752583549126113
1646,2.2599262560831743,0.736807506500159
1647,2.2974071149614286,0.7231775619035843
1648,2.3347865825032517,0.7122646158563645
1649,2.374183002666939,0.7029004037926334
1650,2.4133862335131284,0.6951065155533849
1651,2.451586466656299,0.688802337249488
1652,2.4913344918575677,0.6833779865304662
1653,2.530464649792028,0.679111774504406
1654,2.5709579223577226,0.675725717436973
1655,2.610455100854084,0.6732889280536218
1656,2.660999959800447,0.6712897272710074
1657,2.6903331651960314,0.6705854082943118
1658,2.729604138909952,0.6700273856584646
1659,2.770874618159257,0.6697422584254188
1660,2.8094791104878425,0.669530008006566
1661,2.849448782373422,0.6693693390270846
1662,2.917790667420822,0.6691122953945601
1663,2.932978213073511,0.6690634331194698
1664,2.970949406508845,0.6689550396303573
1665,3.009749679316235,0.6687564910526078
1666,3.050743080866293,0.6684423336959511
1667,3.0893349592054506,0.6680423328308118
1668,3.140333266913686,0.6673543606454688
1669,3.170873900710238,0.6669049258891271
1670,3.2118734132298674,0.6662680679506664
1671,3.2492238943117813,0.6657330215946872
1672,3.291907293478531,0.6652121710942029
1673,3.329698035531126,0.6647838225883678
1674,3.3690631086541707,0.6644224509167266
1675,3.4200449617524886,0.6639194467586002
1676,3.4492186630654826,0.6635709120217085
1677,3.494210323444872,0.6629222300906044
1678,3.528838992388322,0.662287272780573
1679,3.5949185814659708,0.6609818311960387
1680,3.620127695489474,0.6604454957725802
1681,3.648683895729683,0.6598500240038535
1682,3.6885926701223,0.6590971335527841
1683,3.730175077811815,0.6583632891658933
1684,3.768515835335588,0.6577853316228501
1685,3.809186753606027,0.6573200129496432
1686,3.8531595307867215,0.6569381780104998
1687,3.8882861688224617,0.6568110112920985
1688,3.9404167090792503,0.6568288180902435
1689,3.9725601928940355,0.6569796357201335
1690,4.010005961048396,0.6573519541185211
1691,4.048617202101448,0.6579009576965366
1692,4.087912954977736,0.6587328639795026
1693,4.135959249562003,0.6601416463781614
1694,4.169471269572384,0.6613818456536298
1695,4.207928918969885,0.6630338692850871
1696,4.247496782674516,0.66487178630239
1697,4.287931643445346,0.666980880860456
1698,4.333563333834819,0.6695998556125683
1699,4.36751266361974,0.671620847828846
1700,4.425445688510891,0.6752419115059688
1701,4.447237124556977,0.6766116063961933
1702,4.4931291894030245,0.6794151736849857
1703,4.526871120432338,0.6812867812104392
1704,4.578306972907333,0.6835381680684656
1705,4.606885836974511,0.6845821063112945
1706,4.65092783348396,0.6858894710863178
1707,4.6933472651590815,0.6865953238080711
1708,4.727237035340114,0.6867445419598387
1709,4.766906528946962,0.6864094939250078
1710,4.806991042132903,0.6861064802695859
1711,4.847309330974798,0.6861027449701175
