0,-1.5497662182281865e-05,0.10007070388149947,0.0003715493005154813
1,-5.265259137895134e-05,0.2000706969790554,0.0003715493005154813
2,-8.980752057562081e-05,0.30007069007661136,0.0003715493005154813
3,5.8812196211069336e-05,-0.09992928231361242,0.0003715493005154813
4,9.596712540775106e-05,-0.19992927541116837,0.0003715493005154813
5,0.0001331220546044328,-0.29992926850872426,0.0003715493005154813
6,-1.5497662182281865e-05,0.10007070388149947,0.0003715493005154813
7,-5.265259137895134e-05,0.2000706969790554,0.0003715493005154813
8,-8.980752057562081e-05,0.30007069007661136,0.0003715493005154813
9,5.8812196211069336e-05,-0.09992928231361242,0.0003715493005154813
10,9.596712540775106e-05,-0.19992927541116837,0.0003715493005154813
11,0.0001331220546044328,-0.29992926850872426,0.0003715493005154813
12,-3.390762586723128e-05,0.10013683247553261,0.000782100100078142
13,-0.00011211762790177467,0.20013680189150584,0.000782100100078142
14,-0.00019032762993631804,0.30013677130747907,0.000782100100078142
15,0.00012251237820186774,-0.09986310635641386,0.000782100100078142
16,0.0002007223802364234,-0.1998630757723871,0.000782100100078142
17,0.00027893238227097905,-0.29986304518836027,0.000782100100078142
18,-5.236892986572008e-05,0.10020309505352715,0.0011936799774390397
19,-0.00017173689926226743,0.20020302380994118,0.0011936799774390397
20,-0.00029110486865881473,0.3002029525663552,0.0011936799774390397
21,0.00018636700892738685,-0.09979676245930094,0.0011936799774390397
22,0.00030573497832394643,-0.199796691215715,0.0011936799774390397
23,0.000425102947720506,-0.29979661997212903,0.0011936799774390397
24,-7.088256073157378e-05,0.10026949216635886,0.0016062898995908871
25,-0.0002315114816157332,0.20026936315802454,0.0016062898995908871
26,-0.0003921404024998925,0.3002692341496902,0.0016062898995908871
27,0.0002503752810367573,-0.09973024981697248,0.0016062898995908871
28,0.0004110042019209289,-0.19973012080863814,0.0016062898995908871
29,0.0005716331228051005,-0.2997299918003038,0.0016062898995908871
30,-8.945187738356028e-05,0.10033602337535256,0.002019910474650945
31,-0.00029144278749347954,0.20033581937350567,0.002019910474650945
32,-0.0004934336976033988,0.3003356153716587,0.002019910474650945
33,0.0003145299428362905,-0.09966356862095362,0.002019910474650945
34,0.000516520852946222,-0.1996633646191067,0.002019910474650945
35,0.0007185117630561534,-0.2996631606172598,0.002019910474650945
36,-0.0001080783860825346,0.10040268876593156,0.0024345362874987958
37,-0.00035153177434222183,0.20040239241773117,0.0024345362874987958
38,-0.0005949851626019091,0.3004020960695308,0.0024345362874987958
39,0.0003788283904368521,-0.09959671853766766,0.0024345362874987958
40,0.0006222817786965516,-0.19959642218946727,0.0024345362874987958
41,0.0008657351669562511,-0.2995961258412669,0.0024345362874987958
42,-0.00012676312661179132,0.10046948900751057,0.0028501689552793336
43,-0.00041177963625250514,0.20046908283463186,0.0028501689552793336
44,-0.0006967961458932188,0.3004686766617531,0.0028501689552793336
45,0.00044326989266964853,-0.099529698646732,0.0028501689552793336
46,0.0007282864023103745,-0.1995292924738533,0.0028501689552793336
47,0.0010133029119511006,-0.2995288863009746,0.0028501689552793336
48,-0.00014550868470048764,0.10053642405010389,0.003266796274027347
49,-0.00047218773105165736,0.20053589045268363,0.003266796274027347
50,-0.0007988667774028269,0.30053535685526334,0.003266796274027347
51,0.000507849408001864,-0.09946250875505559,0.003266796274027347
52,0.0008345284543530459,-0.19946197515763534,0.003266796274027347
53,0.0011612075007042277,-0.29946144156021504,0.003266796274027347
54,-0.00016431605344419353,0.10060349422680405,0.003684417524333052
55,-0.0005327569722827465,0.20060281548094722,0.003684417524333052
56,-0.0009011978911212994,0.30060213673509034,0.003684417524333052
57,0.0005725657842329246,-0.09939514828148226,0.003684417524333052
58,0.0009410067030714898,-0.1993944695356254,0.003684417524333052
59,0.001309447621910055,-0.2993937907897685,0.003684417524333052
60,-0.0001831861999770977,0.10067070028570026,0.004103035353545229
61,-0.0005934885840961405,0.20066985854192554,0.004103035353545229
62,-0.001003790968215183,0.30066901679815083,0.004103035353545229
63,0.0006374185682610002,-0.0993276162267503,0.004103035353545229
64,0.0010477209523800553,-0.1993267744829756,0.004103035353545229
65,0.0014580233364991102,-0.29932593273920083,0.004103035353545229
66,-0.0002021212198643331,0.10073804280578684,0.004522645084537329
67,-0.000654384186525908,0.20073702009160208,0.004522645084537329
68,-0.0011066471531874828,0.30073599737741724,0.004522645084537329
69,0.0007024047134588289,-0.0992599117658436,0.004522645084537329
70,0.001154667680120416,-0.1992588890516588,0.004522645084537329
71,0.001606930646782003,-0.29925786633747403,0.004522645084537329
72,-0.0002211219857277076,0.10080552257163002,0.004943250179617746
73,-0.000715444990493797,0.20080430078800104,0.004943250179617746
74,-0.001209767995259886,0.3008030790043721,0.004943250179617746
75,0.0007675240238044833,-0.09919203386111204,0.004943250179617746
76,0.0012618470285705849,-0.19919081207748307,0.004943250179617746
77,0.0017561700333366865,-0.29918959029385406,0.004943250179617746
78,-0.00024018935998008602,0.10087314034690739,0.005364854017970102
79,-0.0007766721882908384,0.2008717012674273,0.005364854017970102
80,-0.0013131550166015904,0.3008702621879471,0.005364854017970102
81,0.0008327762966414308,-0.0991239814941324,0.005364854017970102
82,0.0013692591249521953,-0.1991225424146523,0.005364854017970102
83,0.00190574195326296,-0.29912110333517217,0.005364854017970102
84,-0.00025932492062139933,0.10094089646451433,0.005787452837299059
85,-0.0008380669735487407,0.20093922173867165,0.005787452837299059
86,-0.0014168090264760817,0.300937547012829,0.005787452837299059
87,0.0008981591852332955,-0.09905575408380034,0.005787452837299059
88,0.001476901238160649,-0.1990540793579577,0.005787452837299059
89,0.002055643291088003,-0.29905240463211497,0.005787452837299059
90,-0.0002785293611604963,0.10100879146582109,0.0062110492235642155
91,-0.0008996302901168132,0.20100686261539902,0.0062110492235642155
92,-0.0015207312190731299,0.30100493376497695,0.0062110492235642155
93,0.0009636724967521498,-0.09898735083333476,0.0062110492235642155
94,0.001584773425708479,-0.1989854219829127,0.0062110492235642155
95,0.002205874354664808,-0.2989834931324906,0.0062110492235642155
96,-0.00029780345310399933,0.10107682619564076,0.006635647718680579
97,-0.0009613633553219409,0.20107462461268677,0.006635647718680579
98,-0.0016249232575398821,0.30107242302973275,0.006635647718680579
99,0.001029316351331896,-0.09891877063845125,0.006635647718680579
100,0.00169287625354985,-0.19891656905549726,0.006635647718680579
101,0.0023564361557678036,-0.29891436747254324,0.006635647718680579
102,-0.00031714846596028214,0.10114500106475263,0.007061246859240654
103,-0.001023267283860751,0.20114250801475117,0.007061246859240654
104,-0.00172938610176122,0.30114001496474974,0.007061246859240654
105,0.001095089169840668,-0.09885001283524444,0.007061246859240654
106,0.0018012079877411493,-0.19884751978524298,0.007061246859240654
107,0.0025073268056416305,-0.2988450267352415,0.007061246859240654
108,-0.00033656502551663496,0.10121331660850638,0.0074878495959620275
109,-0.0010853429880001285,0.20121051322702616,0.0074878495959620275
110,-0.0018341209504836218,0.30120770984554585,0.0074878495959620275
111,0.0011609908994503644,-0.09878107662853314,0.0074878495959620275
112,0.0019097688619338703,-0.19877827324705288,0.0074878495959620275
113,0.002658546824417376,-0.29877546986557263,0.0074878495959620275
114,-0.00035605368758760225,0.10128177318452378,0.007915457891574556
115,-0.0011475912111234825,0.20127864047719868,0.007915457891574556
116,-0.0019391287346593625,0.30127550776987355,0.007915457891574556
117,0.0012270213594841703,-0.09871196140082603,0.007915457891574556
118,0.0020185588830200626,-0.19870882869350093,0.007915457891574556
119,0.002810096406555955,-0.2987056959861758,0.007915457891574556
120,-0.00037561534945291077,0.1013503706832143,0.00834406826834773
121,-0.0012100124939375427,0.20134688952964855,0.00834406826834773
122,-0.002044409638422174,0.3013434083760827,0.00834406826834773
123,0.0012931789395163652,-0.09864266700965417,0.00834406826834773
124,0.0021275760840010092,-0.1986391858560884,0.00834406826834773
125,0.0029619732284856533,-0.2986357047025226,0.00834406826834773
126,-0.00039525058568854973,0.1014191095671402,0.008773683422960076
127,-0.001272607671754578,0.20141526071578958,0.008773683422960076
128,-0.002149964757820606,0.3014114118644389,0.008773683422960076
129,0.001359463586443519,-0.09857319273015855,0.008773683422960076
130,0.0022368206725095594,-0.19856934387880792,0.008773683422960076
131,0.0031141777585755996,-0.2985654950274573,0.008773683422960076
132,-0.00041495999608878427,0.10148799057985995,0.009204308121284734
133,-0.0013353778118984586,0.20148375464536594,0.009204308121284734
134,-0.0022557956277081325,0.3014795187108719,0.009204308121284734
135,0.0014258756355305766,-0.09850353755115206,0.009204308121284734
136,0.002346293451340263,-0.19849930161665807,0.009204308121284734
137,0.0032667112671499496,-0.29849506568216405,0.009204308121284734
138,-0.0004347444456165461,0.10155701412481105,0.009635943087657587
139,-0.001398323842604891,0.20155237159077394,0.009635943087657587
140,-0.0023619032395932357,0.3015477290567368,0.009635943087657587
141,0.001492414348360156,-0.09843370080711472,0.009635943087657587
142,0.002455993745348513,-0.1984290582730776,0.009635943087657587
143,0.00341957314233687,-0.2984244157390405,0.009635943087657587
144,-0.0004546045680802475,0.10162618096915675,0.01006859312532296
145,-0.0014614468687085959,0.20162111218360215,0.01006859312532296
146,-0.0024682891693369445,0.30161604339804754,0.01006859312532296
147,0.0015590800331764614,-0.09836368145973405,0.01006859312532296
148,0.002565922333804822,-0.19835861267417945,0.01006859312532296
149,0.0035727646344331826,-0.29835354388862484,0.01006859312532296
150,-0.0004745410108045649,0.10169549215584714,0.01050226513800198
151,-0.0015247482184719639,0.20168997732788532,0.01050226513800198
152,-0.002574955426139363,0.3016844624999235,0.01050226513800198
153,0.0016258734045302454,-0.09829347818822923,0.01050226513800198
154,0.0026760806121976567,-0.1982879633602674,0.01050226513800198
155,0.0037262878198650678,-0.2982824485323056,0.01050226513800198
156,-0.0004945545499446973,0.10176494820883834,0.010936961322125245
157,-0.0015882288781568395,0.20175896741230775,0.010936961322125245
158,-0.002681903206368981,0.30175298661577715,0.010936961322125245
159,0.001692794106479599,-0.09822309019810048,0.010936961322125245
160,0.0027864684346917534,-0.1982171094015699,0.010936961322125245
161,0.003880142762903907,-0.29821112860503923,0.010936961322125245
162,-0.0005146457102383631,0.10183454958671494,0.011372684720894486
163,-0.0016518896671560857,0.20182808275852787,0.011372684720894486
164,-0.0027891336240738083,0.30182161593034074,0.011372684720894486
165,0.0017598422035970944,-0.09815251675691093,0.011372684720894486
166,0.0028970861605148294,-0.19814604992872387,0.011372684720894486
167,0.004034330117432565,-0.2981395831005368,0.011372684720894486
168,-0.0005348150574785364,0.1019042971012212,0.011809440933150022
169,-0.0017157317013378904,0.2018973240375044,0.011809440933150022
170,-0.002896648345197244,0.3018903509737875,0.011809440933150022
171,0.001827018230240184,-0.0980817567713452,0.011809440933150022
172,0.0030079348740995504,-0.1980747837076284,0.011809440933150022
173,0.004188851517958916,-0.2980678106439116,0.011809440933150022
174,-0.0005550632869875064,0.10197419129728699,0.012247232806311282
175,-0.0017797559508457364,0.20196669165545933,0.012247232806311282
176,-0.0030044486147039655,0.3019591920136316,0.012247232806311282
177,0.0018943220407289657,-0.09801080941905765,0.012247232806311282
178,0.003119014704587208,-0.19800330977722996,0.012247232806311282
179,0.00434370736844545,-0.2979958101354023,0.012247232806311282
180,-0.0005753909233026859,0.10204423274743583,0.01268606433125491
181,-0.001843963329246248,0.20203618604394305,0.01268606433125491
182,-0.0031125357351898097,0.30202813934045025,0.01268606433125491
183,0.001961753888584451,-0.0979396738455786,0.01268606433125491
184,0.003230326294528025,-0.19793162714208581,0.01268606433125491
185,0.0044988987004715986,-0.297923580438593,0.01268606433125491
186,-0.0005957986509726653,0.10211442267018207,0.013125943717213208
187,-0.0019083553317841267,0.20210580827394126,0.013125943717213208
188,-0.003220912012595587,0.30209719387770045,0.013125943717213208
189,0.0020293147106502695,-0.0978683485373363,0.013125943717213208
190,0.003341871391461743,-0.19785973414109548,0.013125943717213208
191,0.0046544280722732164,-0.2978511197448546,0.013125943717213208
192,-0.0006162874303772198,0.10218476293233439,0.013566882808743755
193,-0.00197293409289055,0.20217556005803536,0.013566882808743755
194,-0.0033295807554038796,0.3021663571837363,0.013566882808743755
195,0.0020970058946494525,-0.09779683131906758,0.013566882808743755
196,0.003453652557162795,-0.19778762844476858,0.013566882808743755
197,0.004810299219676136,-0.2977784255704695,0.013566882808743755
198,-0.0006366833750845358,0.10225525655118889,0.014008467531322222
199,-0.0020374843123009438,0.2022454448535133,0.014008467531322222
200,-0.0034382852495173514,0.3022356331558377,0.014008467531322222
201,0.0021649184993482924,-0.09772512005345996,0.014008467531322222
202,0.0035657194365647125,-0.19771530835578438,0.014008467531322222
203,0.004966520373781132,-0.29770549665810875,0.014008467531322222
204,-0.0006556129871763774,0.10232591529614352,0.014449244768915867
205,-0.0021004871858750374,0.20231547644404502,0.014449244768915867
206,-0.003545361384573697,0.30230503759194655,0.014449244768915867
207,0.002234135410220955,-0.09765320699965951,0.014449244768915867
208,0.003679009608919627,-0.19764276814756104,0.014449244768915867
209,0.005123883807618299,-0.2976323292954625,0.014449244768915867
210,-0.0006728181514664804,0.10239673711529951,0.014890711731309757
211,-0.002161834295764372,0.20238565065536163,0.014890711731309757
212,-0.0036508504400622624,0.30237456419542375,0.014890711731309757
213,0.0023052141371293147,-0.09758108996482476,0.014890711731309757
214,0.0037942302814272183,-0.1975700035048869,0.014890711731309757
215,0.005283246425725121,-0.29755891704494897,0.014890711731309757
216,-0.0006881809147745923,0.10246772514100447,0.015333196663623417
217,-0.0022214404994992105,0.20245597002532,0.015333196663623417
218,-0.003754700084223828,0.30244421490963547,0.015333196663623417
219,0.002378338254674656,-0.09750876462762659,0.015333196663623417
220,0.003911597839399287,-0.1974970095119421,0.015333196663623417
221,0.0054448574241239165,-0.2974852543962576,0.015333196663623417
222,-0.0007015588245706849,0.10253888398219155,0.01577680622851545
223,-0.002279173998783318,0.20252643885959665,0.01577680622851545
224,-0.003856789172995951,0.3025139937370017,0.01577680622851545
225,0.0024536715238545935,-0.09743622577261862,0.01577680622851545
226,0.004031286698067239,-0.19742378065002372,0.01577680622851545
227,0.005608901872279884,-0.29741133552742877,0.01577680622851545
228,-0.0007127913441755179,0.1026102184379332,0.016221600447570938
229,-0.002334880247249464,0.20259706171038844,0.016221600447570938
230,-0.00395696915032341,0.3025839049828436,0.016221600447570938
231,0.0025313864619723866,-0.09736346810697726,0.016221600447570938
232,0.004153475365046345,-0.19735031137943249,0.016221600447570938
233,0.005775564268120303,-0.2973371546518877,0.016221600447570938
234,-0.0007216987450514049,0.10268173418776344,0.01666764990603832
235,-0.002388386562576477,0.2026678439816689,0.01666764990603832
236,-0.004055074380101549,0.3026539537755743,0.01666764990603832
237,0.002611676889998751,-0.09729048540004745,0.01666764990603832
238,0.004278364707523835,-0.19727659519395288,0.01666764990603832
239,0.005945052525048919,-0.2972627049878583,0.01666764990603832
240,-0.0007281134762270151,0.10275343546149286,0.017115228609373617
241,-0.0024395527786900007,0.20273878926650765,0.017115228609373617
242,-0.004150992081152986,0.3027241430715224,0.017115228609373617
243,0.002694765128698968,-0.09721727214853672,0.017115228609373617
244,0.004406204431161966,-0.1972026259535515,0.017115228609373617
245,0.006117643733624964,-0.29718797975856626,0.017115228609373617
246,-0.0007318259165146155,0.10282532914548484,0.017564339385649795
247,-0.0024881695447325964,0.20280990424114456,0.017564339385649795
248,-0.004244513172950577,0.30279447933680426,0.017564339385649795
249,0.0027808613399213583,-0.0971438210458346,0.017564339385649795
250,0.004537204968139351,-0.19712839614149433,0.017564339385649795
251,0.006293548596357344,-0.2971129712371541,0.017564339385649795
252,-0.0007326455516640049,0.10289742301555103,0.018014978737872004
253,-0.002534045984174859,0.20288119648145772,0.018014978737872004
254,-0.004335446416685713,0.30286496994736445,0.018014978737872004
255,0.0028701553133577157,-0.09707012391626237,0.018014978737872004
256,0.004671555745868582,-0.19705389738216908,0.018014978737872004
257,0.006472956178379448,-0.29703767084807575,0.018014978737872004
258,-0.000729956106690143,0.10296971707453167,0.01846708608499858
259,-0.00257655975213435,0.20295266589570132,0.01846708608499858
260,-0.004423163397578557,0.30293561471687097,0.01846708608499858
261,0.0029632511841982834,-0.09699618056780765,0.01846708608499858
262,0.004809854829642503,-0.19697912938897733,0.01846708608499858
263,0.006656458475086722,-0.2969620782101469,0.01846708608499858
264,-0.0007212597782596199,0.10304222331991764,0.018920671406892416
265,-0.002613214030213915,0.2030243242635791,0.018920671406892416
266,-0.00450516828216821,0.3030064252072405,0.018920671406892416
267,0.003062648725648983,-0.09692197856740531,0.018920671406892416
268,0.004954602977603291,-0.19690407951106678,0.018920671406892416
269,0.006846557229557597,-0.29688618045472825,0.018920671406892416
270,-0.0007063982399367816,0.10311501469775135,0.01937629175408891
271,-0.002643906173485091,0.20309624325095246,0.01937629175408891
272,-0.0045814141070334,0.30307747180415356,0.01937629175408891
273,0.0031686176271598495,-0.09684744240865088,0.01937629175408891
274,0.00510612556070817,-0.196828670961852,0.01937629175408891
275,0.007043633494256492,-0.2968098995150531,0.01937629175408891
276,-0.0006844878128772084,0.1031881131218465,0.019834089454894097
277,-0.002667766718351839,0.20316844421143182,0.019834089454894097
278,-0.00465104562382647,0.30314877530101714,0.019834089454894097
279,0.003282069998072066,-0.09677254905732413,0.019834089454894097
280,0.005265348903546709,-0.19675288014690945,0.019834089454894097
281,0.007248627809021352,-0.29673321123649476,0.019834089454894097
282,-0.0006548140131653044,0.10326152131436685,0.020294062000159315
283,-0.002684080914580154,0.203240929573482,0.020294062000159315
284,-0.004713347815995003,0.30322033783259716,0.020294062000159315
285,0.0034037197896644067,-0.09669729520386346,0.020294062000159315
286,0.005432986691079268,-0.1966767034629786,0.020294062000159315
287,0.00746225359249413,-0.2966561117220937,0.020294062000159315
288,-0.0006166071594795931,0.1033352515998588,0.020756243969142937
289,-0.0026920825222782833,0.20331371129002615,0.020756243969142937
290,-0.004767557885076972,0.30329217098019345,0.020756243969142937
291,0.0035343435661177995,-0.09662166778047589,0.020756243969142937
292,0.005609818928916502,-0.19660012747064323,0.020756243969142937
293,0.007685294291715205,-0.29657858716081054,0.020756243969142937
294,-0.0005690028665983633,0.10340932711127722,0.02122078820406202
295,-0.0026909224208465712,0.20338681186362184,0.02122078820406202
296,-0.004812841975094779,0.3033642966159665,0.02122078820406202
297,0.0036748362418980653,-0.09654564239341203,0.02122078820406202
298,0.005796755796146286,-0.19652312714575665,0.02122078820406202
299,0.007918675350394505,-0.29650061189810123,0.02122078820406202
300,-0.0005109768235276825,0.10348377633723098,0.02168784603708282
301,-0.0026795914120165193,0.2034602591257678,0.02168784603708282
302,-0.004848206000505356,0.30343674191430453,0.02168784603708282
303,0.0038262523534500032,-0.09646918923984261,0.02168784603708282
304,0.005994866941938852,-0.1964456720283794,0.02168784603708282
305,0.008163481530427702,-0.2964221548169162,0.02168784603708282
306,-0.00044146132712346003,0.1035586284448573,0.022157595871608197
307,-0.0026570396108628654,0.20353408149643704,0.022157595871608197
308,-0.00487261789460227,0.30350953454801677,0.022157595871608197
309,0.003989695240355364,-0.09639227765830216,0.022157595871608197
310,0.006205273524094781,-0.1963677307098819,0.022157595871608197
311,0.008420851807834199,-0.2963431837614616,0.022157595871608197
312,-0.0003592856925430407,0.10363391595368054,0.0226302402826485
313,-0.002622116566177131,0.2036083106577113,0.0226302402826485
314,-0.00488494743981122,0.303582705361742,0.0226302402826485
315,0.004166376054725153,-0.09631487345438094,0.0226302402826485
316,0.006429206928359255,-0.1962892681584117,0.0226302402826485
317,0.008692037801993357,-0.2962636628624424,0.0226302402826485
318,-0.0002631530515511062,0.10370967250641458,0.023105973992608966
319,-0.00257354485701992,0.203682979392329,0.023105973992608966
320,-0.004883936662488733,0.3036562862782434,0.023105973992608966
321,0.004357630559386534,-0.09623694126541427,0.023105973992608966
322,0.00666802236485536,-0.1962102481513287,0.023105973992608966
323,0.008978414170324186,-0.2961835550372431,0.023105973992608966
324,-0.00015172581472814445,0.10378593591624163,0.023585028588898153
325,-0.00251001002542532,0.2037581245267826,0.023585028588898153
326,-0.0048682942361224935,0.30373031313732357,0.023585028588898153
327,0.0045648426066662185,-0.0961584413048403,0.023585028588898153
328,0.006923126817363406,-0.19613062991538127,0.023585028588898153
329,0.009281411028060592,-0.29610281852592224,0.023585028588898153
330,-2.355924825039749e-05,0.10386274958860794,0.02406767811829252
331,-0.0024300947121777866,0.2038337883301398,0.02406767811829252
332,-0.004836630176105174,0.30380482707167156,0.02406767811829252
333,0.004789511679604393,-0.09607932789445575,0.02406767811829252
334,0.007196047143531795,-0.1960503666359876,0.02406767811829252
335,0.009602582607459194,-0.2960214053775194,0.02406767811829252
336,0.00012307824066985946,0.10394016480864102,0.02455423813792175
337,-0.002332098847048337,0.20391002079267226,0.02455423813792175
338,-0.004787275934766534,0.3038798767767035,0.02455423813792175
339,0.005033432416106265,-0.09599954715942144,0.02455423813792175
340,0.0074886095038244746,-0.19596940314345265,0.02455423813792175
341,0.009943786591542682,-0.29593925912748387,0.02455423813792175
342,0.000290031558306327,0.10401823638529466,0.025045039481948823
343,-0.0022142105714123227,0.20398687532449272,0.025045039481948823
344,-0.0047184527011309724,0.3039555142636907,0.025045039481948823
345,0.005298515817743639,-0.09591904149310145,0.025045039481948823
346,0.0078027579474623,-0.19588768043229948,0.025045039481948823
347,0.010307000077180961,-0.2958563193714975,0.025045039481948823
348,0.0004792513354155469,0.10409702234585747,0.025540411880701518
349,-0.0020745121894863066,0.20406440848683288,0.025540411880701518
350,-0.004628275714388158,0.3040317946278082,0.025540411880701518
351,0.005586778385219266,-0.09583774993609334,0.025540411880701518
352,0.008140541910121132,-0.19580513607706873,0.025540411880701518
353,0.010694305435022994,-0.2957725222180441,0.025540411880701518
354,0.0006930293461080632,0.10417659277732008,0.026040797248263723
355,-0.0019107560742520143,0.20414268853725623,0.026040797248263723
356,-0.0045145414946120895,0.30410878429719235,0.026040797248263723
357,0.005900600186828231,-0.09575559874255218,0.026040797248263723
358,0.00850438560718832,-0.1957216945024883,0.026040797248263723
359,0.011108171027548408,-0.2956877902624244,0.026040797248263723
360,0.0009338189422060193,0.10425702092494496,0.02654666021531724
361,-0.0017205352886523126,0.20422178673579014,0.02654666021531724
362,-0.0043748895195106444,0.3041865525466353,0.02654666021531724
363,0.006242527403922695,-0.09567251069674543,0.02654666021531724
364,0.008896881634781039,-0.19563727650759064,0.02654666021531724
365,0.011551235865639383,-0.2956020423184358,0.02654666021531724
366,0.00120425515628235,0.10433838403145679,0.027058472647752557
367,-0.0015012619346330873,0.20430177821788267,0.027058472647752557
368,-0.004206779025548524,0.30426517240430856,0.027058472647752557
369,0.006615289338113237,-0.09558840434139498,0.027058472647752557
370,0.009320806429028685,-0.19555179852782087,0.027058472647752557
371,0.012026323519944135,-0.2955151927142467,0.027058472647752557
372,0.0015073146969576115,0.10442076417136477,0.027576702119209547
373,-0.0012500060052740986,0.2043827428559879,0.027576702119209547
374,-0.004007326707505808,0.304344721540611,0.027576702119209547
375,0.007021956101421044,-0.09550319319788146,0.027576702119209547
376,0.009779276803652766,-0.19546517188250456,0.027576702119209547
377,0.012536597505884487,-0.29542715056712765,0.027576702119209547
378,0.0018463076415129367,0.10450425375794223,0.02810185435784548
379,-0.0009635079349769281,0.20446477064549198,0.02810185435784548
380,-0.003773323511466793,0.3044252875330417,0.02810185435784548
381,0.007465938794492678,-0.09541678001715725,0.02810185435784548
382,0.010275754370982555,-0.19537729690470698,0.02810185435784548
383,0.013085569947472432,-0.2953378137922567,0.02810185435784548
384,0.0022246276509998927,0.10458892539320577,0.02863429621350066
385,-0.0006384106877957013,0.20454793204828706,0.02863429621350066
386,-0.0035014490265912936,0.3045069387033683,0.02863429621350066
387,0.007950704328591093,-0.09532908791695682,0.02863429621350066
388,0.0108137426673867,-0.19528809457203813,0.02863429621350066
389,0.013676781006182304,-0.2952471012271194,0.02863429621350066
390,0.0026454993275121922,0.104674931078897,0.029178376124995693
391,-0.0002719242723316813,0.2046323652173295,0.029178376124995693
392,-0.0031893478721755535,0.30458979935576197,0.029178376124995693
393,0.008480346527199952,-0.09523993719796803,0.029178376124995693
394,0.011397770127043839,-0.19519737133640055,0.029178376124995693
395,0.014315193726887724,-0.295154805474833,0.029178376124995693
396,0.003112074728510969,0.1047623540667785,0.029742187527248234
397,0.00013829445424587156,0.2047181274412084,0.029742187527248234
398,-0.0028354858200192257,0.3046739008156383,0.029742187527248234
399,0.009059635277041175,-0.09514919268208133,0.029742187527248234
400,0.012033415551306284,-0.19510496605651126,0.029742187527248234
401,0.015007195825571393,-0.29506073943094113,0.029742187527248234
402,0.0036264409672316306,0.10485123370460214,0.03034348850283521
403,0.0005925577301470432,0.20480520087201246,0.03034348850283521
404,-0.0024413255069375443,0.3047591680394227,0.03034348850283521
405,0.009694207441400818,-0.09505670063021848,0.03034348850283521
406,0.012728090678485418,-0.1950106677976288,0.03034348850283521
407,0.015761973915570018,-0.2949646349650391,0.03034348850283521
408,0.0041912780431569594,0.10494164475385322,0.0309973157169256
409,0.00109204283531568,0.20489360692131883,0.0309973157169256
410,-0.0020071923725255994,0.3048455690887844,0.0309973157169256
411,0.01038974845883953,-0.09496227958107802,0.0309973157169256
412,0.013488983666680821,-0.19491424174854363,0.0309973157169256
413,0.016588218874522113,-0.2948662039160092,0.0309973157169256
414,0.004812215217679778,0.10503382870470528,0.03169427213324486
415,0.001643318606845896,0.2049836065647378,0.03169427213324486
416,-0.001525578003987985,0.30493338442477025,0.03169427213324486
417,0.011150008439347554,-0.09486572701535977,0.03169427213324486
418,0.014318905050181449,-0.1948155048753923,0.03169427213324486
419,0.017487801661015344,-0.2947652827354248,0.03169427213324486
420,0.005494726019888258,0.10512801745948916,0.03243166628247515
421,0.002252127895866751,0.2050754314200619,0.03243166628247515
422,-0.000990470228154754,0.3050228453806347,0.03243166628247515
423,0.011979922267931282,-0.09476681046165636,0.03243166628247515
424,0.015222520391952802,-0.19471422442222913,0.03243166628247515
425,0.01846511851597432,-0.29466163838280185,0.03243166628247515
426,0.006244545431906168,0.10522445707220153,0.03320886956076153
427,0.002924268837256003,0.20516932068877272,0.03320886956076153
428,-0.00039600775739415985,0.3051141843053439,0.03320886956076153
429,0.01288509862120651,-0.09466527016094088,0.03320886956076153
430,0.016205375215856688,-0.1946101337775121,0.03320886956076153
431,0.01952565181050686,-0.29455499739408325,0.03320886956076153
432,0.0070681047778037125,0.10532342426373419,0.03402130375500598
433,0.0036666306631179648,0.20526555739009447,0.03402130375500598
434,0.0002651565484322188,0.30520769051645474,0.03402130375500598
435,0.01387105300717522,-0.09456084198898641,0.03402130375500598
436,0.01727252712186098,-0.19450297511534673,0.03402130375500598
437,0.020674001236546738,-0.29444510824170694,0.03402130375500598
438,0.007972348112317623,0.10542522656425846,0.03486244248053201
439,0.004486810012356315,0.2053644632241095,0.03486244248053201
440,0.0010012719123950083,0.30530369988396056,0.03486244248053201
441,0.014943424312240251,-0.09445324675544367,0.03486244248053201
442,0.01842896241220157,-0.19439248341529475,0.03486244248053201
443,0.021914500512162892,-0.29433172007514574,0.03486244248053201
444,0.008964367329675767,0.10553018798604327,0.035723174941633615
445,0.005392809586353634,0.20546638750997012,0.035723174941633615
446,0.0018212518430315017,0.3054025870338969,0.035723174941633615
447,0.016107482816320046,-0.09434221106181043,0.035723174941633615
448,0.01967904055964219,-0.19427841058573728,0.035723174941633615
449,0.02325059830296433,-0.2942146101096641,0.035723174941633615
450,0.010051814512626971,0.10563866136724441,0.03659156312847885
451,0.006393474711759523,0.20557172171216423,0.03659156312847885
452,0.0027351349108920772,0.3055047820570841,0.03659156312847885
453,0.01736849411436188,-0.09422745932259526,0.03659156312847885
454,0.02102683391522934,-0.1941605196675151,0.03659156312847885
455,0.024685173716096798,-0.2940935800124349,0.03659156312847885
456,0.011242836137824234,0.1057508233842817,0.037445526167691826
457,0.0074991585413264035,0.205680723204373,0.037445526167691826
458,0.0037554809448285733,0.30561062302446423,0.037445526167691826
459,0.018730191330819906,-0.09410897625590088,0.037445526167691826
460,0.02247386892731775,-0.19403887607599216,0.037445526167691826
461,0.026217546523815593,-0.29396877589608345,0.037445526167691826
462,0.012546247077470332,0.10586652003233332,0.038249199761694976
463,0.008722259676885308,0.20579337888599775,0.038249199761694976
464,0.004898272276300285,0.3057202377396621,0.038249199761694976
465,0.020194221878640395,-0.0939871976749955,0.038249199761694976
466,0.02401820927922543,-0.1939140565286599,0.038249199761694976
467,0.027842196679810464,-0.2938409153823243,0.038249199761694976
468,0.013965287125998382,0.10598519030648328,0.03901963444638391
469,0.010064313749937954,0.2059090733711404,0.03901963444638391
470,0.006163340373877526,0.3058329564357975,0.03901963444638391
471,0.021767233878119248,-0.09386257582283093,0.03901963444638391
472,0.02566820725417969,-0.19378645888748802,0.03901963444638391
473,0.029569180630240128,-0.2937103419521451,0.03901963444638391
